user_id,street,city,state,zip_code,country,is_default
1,1 Main St,Chicago,IL,60001,USA,1
2,2 Main St,Chicago,IL,60002,USA,1
3,3 Main St,Chicago,IL,60003,USA,1
4,4 Main St,Chicago,IL,60004,USA,1
5,5 Main St,Chicago,IL,60005,USA,1
6,6 Main St,Chicago,IL,60006,USA,1
7,7 Main St,Chicago,IL,60007,USA,1
8,8 Main St,Chicago,IL,60008,USA,1
9,9 Main St,Chicago,IL,60009,USA,1
10,10 Main St,Chicago,IL,60010,USA,1
11,11 Main St,Chicago,IL,60011,USA,1
12,12 Main St,Chicago,IL,60012,USA,1
13,13 Main St,Chicago,IL,60013,USA,1
14,14 Main St,Chicago,IL,60014,USA,1
15,15 Main St,Chicago,IL,60015,USA,1
16,16 Main St,Chicago,IL,60016,USA,1
17,17 Main St,Chicago,IL,60017,USA,1
18,18 Main St,Chicago,IL,60018,USA,1
19,19 Main St,Chicago,IL,60019,USA,1
20,20 Main St,Chicago,IL,60020,USA,1
21,21 Main St,Chicago,IL,60021,USA,1
22,22 Main St,Chicago,IL,60022,USA,1
23,23 Main St,Chicago,IL,60023,USA,1
24,24 Main St,Chicago,IL,60024,USA,1
25,25 Main St,Chicago,IL,60025,USA,1
26,26 Main St,Chicago,IL,60026,USA,1
27,27 Main St,Chicago,IL,60027,USA,1
28,28 Main St,Chicago,IL,60028,USA,1
29,29 Main St,Chicago,IL,60029,USA,1
30,30 Main St,Chicago,IL,60030,USA,1
31,31 Main St,Chicago,IL,60031,USA,1
32,32 Main St,Chicago,IL,60032,USA,1
33,33 Main St,Chicago,IL,60033,USA,1
34,34 Main St,Chicago,IL,60034,USA,1
35,35 Main St,Chicago,IL,60035,USA,1
36,36 Main St,Chicago,IL,60036,USA,1
37,37 Main St,Chicago,IL,60037,USA,1
38,38 Main St,Chicago,IL,60038,USA,1
39,39 Main St,Chicago,IL,60039,USA,1
40,40 Main St,Chicago,IL,60040,USA,1
41,41 Main St,Chicago,IL,60041,USA,1
42,42 Main St,Chicago,IL,60042,USA,1
43,43 Main St,Chicago,IL,60043,USA,1
44,44 Main St,Chicago,IL,60044,USA,1
45,45 Main St,Chicago,IL,60045,USA,1
46,46 Main St,Chicago,IL,60046,USA,1
47,47 Main St,Chicago,IL,60047,USA,1
48,48 Main St,Chicago,IL,60048,USA,1
49,49 Main St,Chicago,IL,60049,USA,1
50,50 Main St,Chicago,IL,60050,USA,1
51,51 Main St,Chicago,IL,60051,USA,1
52,52 Main St,Chicago,IL,60052,USA,1
53,53 Main St,Chicago,IL,60053,USA,1
54,54 Main St,Chicago,IL,60054,USA,1
55,55 Main St,Chicago,IL,60055,USA,1
56,56 Main St,Chicago,IL,60056,USA,1
57,57 Main St,Chicago,IL,60057,USA,1
58,58 Main St,Chicago,IL,60058,USA,1
59,59 Main St,Chicago,IL,60059,USA,1
60,60 Main St,Chicago,IL,60060,USA,1
61,61 Main St,Chicago,IL,60061,USA,1
62,62 Main St,Chicago,IL,60062,USA,1
63,63 Main St,Chicago,IL,60063,USA,1
64,64 Main St,Chicago,IL,60064,USA,1
65,65 Main St,Chicago,IL,60065,USA,1
66,66 Main St,Chicago,IL,60066,USA,1
67,67 Main St,Chicago,IL,60067,USA,1
68,68 Main St,Chicago,IL,60068,USA,1
69,69 Main St,Chicago,IL,60069,USA,1
70,70 Main St,Chicago,IL,60070,USA,1
71,71 Main St,Chicago,IL,60071,USA,1
72,72 Main St,Chicago,IL,60072,USA,1
73,73 Main St,Chicago,IL,60073,USA,1
74,74 Main St,Chicago,IL,60074,USA,1
75,75 Main St,Chicago,IL,60075,USA,1
76,76 Main St,Chicago,IL,60076,USA,1
77,77 Main St,Chicago,IL,60077,USA,1
78,78 Main St,Chicago,IL,60078,USA,1
79,79 Main St,Chicago,IL,60079,USA,1
80,80 Main St,Chicago,IL,60080,USA,1
81,81 Main St,Chicago,IL,60081,USA,1
82,82 Main St,Chicago,IL,60082,USA,1
83,83 Main St,Chicago,IL,60083,USA,1
84,84 Main St,Chicago,IL,60084,USA,1
85,85 Main St,Chicago,IL,60085,USA,1
86,86 Main St,Chicago,IL,60086,USA,1
87,87 Main St,Chicago,IL,60087,USA,1
88,88 Main St,Chicago,IL,60088,USA,1
89,89 Main St,Chicago,IL,60089,USA,1
90,90 Main St,Chicago,IL,60090,USA,1
91,91 Main St,Chicago,IL,60091,USA,1
92,92 Main St,Chicago,IL,60092,USA,1
93,93 Main St,Chicago,IL,60093,USA,1
94,94 Main St,Chicago,IL,60094,USA,1
95,95 Main St,Chicago,IL,60095,USA,1
96,96 Main St,Chicago,IL,60096,USA,1
97,97 Main St,Chicago,IL,60097,USA,1
98,98 Main St,Chicago,IL,60098,USA,1
99,99 Main St,Chicago,IL,60099,USA,1
100,100 Main St,Chicago,IL,60100,USA,1
101,101 Main St,Chicago,IL,60101,USA,1
102,102 Main St,Chicago,IL,60102,USA,1
103,103 Main St,Chicago,IL,60103,USA,1
104,104 Main St,Chicago,IL,60104,USA,1
105,105 Main St,Chicago,IL,60105,USA,1
106,106 Main St,Chicago,IL,60106,USA,1
107,107 Main St,Chicago,IL,60107,USA,1
108,108 Main St,Chicago,IL,60108,USA,1
109,109 Main St,Chicago,IL,60109,USA,1
110,110 Main St,Chicago,IL,60110,USA,1
111,111 Main St,Chicago,IL,60111,USA,1
112,112 Main St,Chicago,IL,60112,USA,1
113,113 Main St,Chicago,IL,60113,USA,1
114,114 Main St,Chicago,IL,60114,USA,1
115,115 Main St,Chicago,IL,60115,USA,1
116,116 Main St,Chicago,IL,60116,USA,1
117,117 Main St,Chicago,IL,60117,USA,1
118,118 Main St,Chicago,IL,60118,USA,1
119,119 Main St,Chicago,IL,60119,USA,1
120,120 Main St,Chicago,IL,60120,USA,1
121,121 Main St,Chicago,IL,60121,USA,1
122,122 Main St,Chicago,IL,60122,USA,1
123,123 Main St,Chicago,IL,60123,USA,1
124,124 Main St,Chicago,IL,60124,USA,1
125,125 Main St,Chicago,IL,60125,USA,1
126,126 Main St,Chicago,IL,60126,USA,1
127,127 Main St,Chicago,IL,60127,USA,1
128,128 Main St,Chicago,IL,60128,USA,1
129,129 Main St,Chicago,IL,60129,USA,1
130,130 Main St,Chicago,IL,60130,USA,1
131,131 Main St,Chicago,IL,60131,USA,1
132,132 Main St,Chicago,IL,60132,USA,1
133,133 Main St,Chicago,IL,60133,USA,1
134,134 Main St,Chicago,IL,60134,USA,1
135,135 Main St,Chicago,IL,60135,USA,1
136,136 Main St,Chicago,IL,60136,USA,1
137,137 Main St,Chicago,IL,60137,USA,1
138,138 Main St,Chicago,IL,60138,USA,1
139,139 Main St,Chicago,IL,60139,USA,1
140,140 Main St,Chicago,IL,60140,USA,1
141,141 Main St,Chicago,IL,60141,USA,1
142,142 Main St,Chicago,IL,60142,USA,1
143,143 Main St,Chicago,IL,60143,USA,1
144,144 Main St,Chicago,IL,60144,USA,1
145,145 Main St,Chicago,IL,60145,USA,1
146,146 Main St,Chicago,IL,60146,USA,1
147,147 Main St,Chicago,IL,60147,USA,1
148,148 Main St,Chicago,IL,60148,USA,1
149,149 Main St,Chicago,IL,60149,USA,1
150,150 Main St,Chicago,IL,60150,USA,1
151,151 Main St,Chicago,IL,60151,USA,1
152,152 Main St,Chicago,IL,60152,USA,1
153,153 Main St,Chicago,IL,60153,USA,1
154,154 Main St,Chicago,IL,60154,USA,1
155,155 Main St,Chicago,IL,60155,USA,1
156,156 Main St,Chicago,IL,60156,USA,1
157,157 Main St,Chicago,IL,60157,USA,1
158,158 Main St,Chicago,IL,60158,USA,1
159,159 Main St,Chicago,IL,60159,USA,1
160,160 Main St,Chicago,IL,60160,USA,1
161,161 Main St,Chicago,IL,60161,USA,1
162,162 Main St,Chicago,IL,60162,USA,1
163,163 Main St,Chicago,IL,60163,USA,1
164,164 Main St,Chicago,IL,60164,USA,1
165,165 Main St,Chicago,IL,60165,USA,1
166,166 Main St,Chicago,IL,60166,USA,1
167,167 Main St,Chicago,IL,60167,USA,1
168,168 Main St,Chicago,IL,60168,USA,1
169,169 Main St,Chicago,IL,60169,USA,1
170,170 Main St,Chicago,IL,60170,USA,1
171,171 Main St,Chicago,IL,60171,USA,1
172,172 Main St,Chicago,IL,60172,USA,1
173,173 Main St,Chicago,IL,60173,USA,1
174,174 Main St,Chicago,IL,60174,USA,1
175,175 Main St,Chicago,IL,60175,USA,1
176,176 Main St,Chicago,IL,60176,USA,1
177,177 Main St,Chicago,IL,60177,USA,1
178,178 Main St,Chicago,IL,60178,USA,1
179,179 Main St,Chicago,IL,60179,USA,1
180,180 Main St,Chicago,IL,60180,USA,1
181,181 Main St,Chicago,IL,60181,USA,1
182,182 Main St,Chicago,IL,60182,USA,1
183,183 Main St,Chicago,IL,60183,USA,1
184,184 Main St,Chicago,IL,60184,USA,1
185,185 Main St,Chicago,IL,60185,USA,1
186,186 Main St,Chicago,IL,60186,USA,1
187,187 Main St,Chicago,IL,60187,USA,1
188,188 Main St,Chicago,IL,60188,USA,1
189,189 Main St,Chicago,IL,60189,USA,1
190,190 Main St,Chicago,IL,60190,USA,1
191,191 Main St,Chicago,IL,60191,USA,1
192,192 Main St,Chicago,IL,60192,USA,1
193,193 Main St,Chicago,IL,60193,USA,1
194,194 Main St,Chicago,IL,60194,USA,1
195,195 Main St,Chicago,IL,60195,USA,1
196,196 Main St,Chicago,IL,60196,USA,1
197,197 Main St,Chicago,IL,60197,USA,1
198,198 Main St,Chicago,IL,60198,USA,1
199,199 Main St,Chicago,IL,60199,USA,1
200,200 Main St,Chicago,IL,60200,USA,1
201,201 Main St,Chicago,IL,60201,USA,1
202,202 Main St,Chicago,IL,60202,USA,1
203,203 Main St,Chicago,IL,60203,USA,1
204,204 Main St,Chicago,IL,60204,USA,1
205,205 Main St,Chicago,IL,60205,USA,1
206,206 Main St,Chicago,IL,60206,USA,1
207,207 Main St,Chicago,IL,60207,USA,1
208,208 Main St,Chicago,IL,60208,USA,1
209,209 Main St,Chicago,IL,60209,USA,1
210,210 Main St,Chicago,IL,60210,USA,1
211,211 Main St,Chicago,IL,60211,USA,1
212,212 Main St,Chicago,IL,60212,USA,1
213,213 Main St,Chicago,IL,60213,USA,1
214,214 Main St,Chicago,IL,60214,USA,1
215,215 Main St,Chicago,IL,60215,USA,1
216,216 Main St,Chicago,IL,60216,USA,1
217,217 Main St,Chicago,IL,60217,USA,1
218,218 Main St,Chicago,IL,60218,USA,1
219,219 Main St,Chicago,IL,60219,USA,1
220,220 Main St,Chicago,IL,60220,USA,1
221,221 Main St,Chicago,IL,60221,USA,1
222,222 Main St,Chicago,IL,60222,USA,1
223,223 Main St,Chicago,IL,60223,USA,1
224,224 Main St,Chicago,IL,60224,USA,1
225,225 Main St,Chicago,IL,60225,USA,1
226,226 Main St,Chicago,IL,60226,USA,1
227,227 Main St,Chicago,IL,60227,USA,1
228,228 Main St,Chicago,IL,60228,USA,1
229,229 Main St,Chicago,IL,60229,USA,1
230,230 Main St,Chicago,IL,60230,USA,1
231,231 Main St,Chicago,IL,60231,USA,1
232,232 Main St,Chicago,IL,60232,USA,1
233,233 Main St,Chicago,IL,60233,USA,1
234,234 Main St,Chicago,IL,60234,USA,1
235,235 Main St,Chicago,IL,60235,USA,1
236,236 Main St,Chicago,IL,60236,USA,1
237,237 Main St,Chicago,IL,60237,USA,1
238,238 Main St,Chicago,IL,60238,USA,1
239,239 Main St,Chicago,IL,60239,USA,1
240,240 Main St,Chicago,IL,60240,USA,1
241,241 Main St,Chicago,IL,60241,USA,1
242,242 Main St,Chicago,IL,60242,USA,1
243,243 Main St,Chicago,IL,60243,USA,1
244,244 Main St,Chicago,IL,60244,USA,1
245,245 Main St,Chicago,IL,60245,USA,1
246,246 Main St,Chicago,IL,60246,USA,1
247,247 Main St,Chicago,IL,60247,USA,1
248,248 Main St,Chicago,IL,60248,USA,1
249,249 Main St,Chicago,IL,60249,USA,1
250,250 Main St,Chicago,IL,60250,USA,1
251,251 Main St,Chicago,IL,60251,USA,1
252,252 Main St,Chicago,IL,60252,USA,1
253,253 Main St,Chicago,IL,60253,USA,1
254,254 Main St,Chicago,IL,60254,USA,1
255,255 Main St,Chicago,IL,60255,USA,1
256,256 Main St,Chicago,IL,60256,USA,1
257,257 Main St,Chicago,IL,60257,USA,1
258,258 Main St,Chicago,IL,60258,USA,1
259,259 Main St,Chicago,IL,60259,USA,1
260,260 Main St,Chicago,IL,60260,USA,1
261,261 Main St,Chicago,IL,60261,USA,1
262,262 Main St,Chicago,IL,60262,USA,1
263,263 Main St,Chicago,IL,60263,USA,1
264,264 Main St,Chicago,IL,60264,USA,1
265,265 Main St,Chicago,IL,60265,USA,1
266,266 Main St,Chicago,IL,60266,USA,1
267,267 Main St,Chicago,IL,60267,USA,1
268,268 Main St,Chicago,IL,60268,USA,1
269,269 Main St,Chicago,IL,60269,USA,1
270,270 Main St,Chicago,IL,60270,USA,1
271,271 Main St,Chicago,IL,60271,USA,1
272,272 Main St,Chicago,IL,60272,USA,1
273,273 Main St,Chicago,IL,60273,USA,1
274,274 Main St,Chicago,IL,60274,USA,1
275,275 Main St,Chicago,IL,60275,USA,1
276,276 Main St,Chicago,IL,60276,USA,1
277,277 Main St,Chicago,IL,60277,USA,1
278,278 Main St,Chicago,IL,60278,USA,1
279,279 Main St,Chicago,IL,60279,USA,1
280,280 Main St,Chicago,IL,60280,USA,1
281,281 Main St,Chicago,IL,60281,USA,1
282,282 Main St,Chicago,IL,60282,USA,1
283,283 Main St,Chicago,IL,60283,USA,1
284,284 Main St,Chicago,IL,60284,USA,1
285,285 Main St,Chicago,IL,60285,USA,1
286,286 Main St,Chicago,IL,60286,USA,1
287,287 Main St,Chicago,IL,60287,USA,1
288,288 Main St,Chicago,IL,60288,USA,1
289,289 Main St,Chicago,IL,60289,USA,1
290,290 Main St,Chicago,IL,60290,USA,1
291,291 Main St,Chicago,IL,60291,USA,1
292,292 Main St,Chicago,IL,60292,USA,1
293,293 Main St,Chicago,IL,60293,USA,1
294,294 Main St,Chicago,IL,60294,USA,1
295,295 Main St,Chicago,IL,60295,USA,1
296,296 Main St,Chicago,IL,60296,USA,1
297,297 Main St,Chicago,IL,60297,USA,1
298,298 Main St,Chicago,IL,60298,USA,1
299,299 Main St,Chicago,IL,60299,USA,1
300,300 Main St,Chicago,IL,60300,USA,1
301,301 Main St,Chicago,IL,60301,USA,1
302,302 Main St,Chicago,IL,60302,USA,1
303,303 Main St,Chicago,IL,60303,USA,1
304,304 Main St,Chicago,IL,60304,USA,1
305,305 Main St,Chicago,IL,60305,USA,1
306,306 Main St,Chicago,IL,60306,USA,1
307,307 Main St,Chicago,IL,60307,USA,1
308,308 Main St,Chicago,IL,60308,USA,1
309,309 Main St,Chicago,IL,60309,USA,1
310,310 Main St,Chicago,IL,60310,USA,1
311,311 Main St,Chicago,IL,60311,USA,1
312,312 Main St,Chicago,IL,60312,USA,1
313,313 Main St,Chicago,IL,60313,USA,1
314,314 Main St,Chicago,IL,60314,USA,1
315,315 Main St,Chicago,IL,60315,USA,1
316,316 Main St,Chicago,IL,60316,USA,1
317,317 Main St,Chicago,IL,60317,USA,1
318,318 Main St,Chicago,IL,60318,USA,1
319,319 Main St,Chicago,IL,60319,USA,1
320,320 Main St,Chicago,IL,60320,USA,1
321,321 Main St,Chicago,IL,60321,USA,1
322,322 Main St,Chicago,IL,60322,USA,1
323,323 Main St,Chicago,IL,60323,USA,1
324,324 Main St,Chicago,IL,60324,USA,1
325,325 Main St,Chicago,IL,60325,USA,1
326,326 Main St,Chicago,IL,60326,USA,1
327,327 Main St,Chicago,IL,60327,USA,1
328,328 Main St,Chicago,IL,60328,USA,1
329,329 Main St,Chicago,IL,60329,USA,1
330,330 Main St,Chicago,IL,60330,USA,1
331,331 Main St,Chicago,IL,60331,USA,1
332,332 Main St,Chicago,IL,60332,USA,1
333,333 Main St,Chicago,IL,60333,USA,1
334,334 Main St,Chicago,IL,60334,USA,1
335,335 Main St,Chicago,IL,60335,USA,1
336,336 Main St,Chicago,IL,60336,USA,1
337,337 Main St,Chicago,IL,60337,USA,1
338,338 Main St,Chicago,IL,60338,USA,1
339,339 Main St,Chicago,IL,60339,USA,1
340,340 Main St,Chicago,IL,60340,USA,1
341,341 Main St,Chicago,IL,60341,USA,1
342,342 Main St,Chicago,IL,60342,USA,1
343,343 Main St,Chicago,IL,60343,USA,1
344,344 Main St,Chicago,IL,60344,USA,1
345,345 Main St,Chicago,IL,60345,USA,1
346,346 Main St,Chicago,IL,60346,USA,1
347,347 Main St,Chicago,IL,60347,USA,1
348,348 Main St,Chicago,IL,60348,USA,1
349,349 Main St,Chicago,IL,60349,USA,1
350,350 Main St,Chicago,IL,60350,USA,1
351,351 Main St,Chicago,IL,60351,USA,1
352,352 Main St,Chicago,IL,60352,USA,1
353,353 Main St,Chicago,IL,60353,USA,1
354,354 Main St,Chicago,IL,60354,USA,1
355,355 Main St,Chicago,IL,60355,USA,1
356,356 Main St,Chicago,IL,60356,USA,1
357,357 Main St,Chicago,IL,60357,USA,1
358,358 Main St,Chicago,IL,60358,USA,1
359,359 Main St,Chicago,IL,60359,USA,1
360,360 Main St,Chicago,IL,60360,USA,1
361,361 Main St,Chicago,IL,60361,USA,1
362,362 Main St,Chicago,IL,60362,USA,1
363,363 Main St,Chicago,IL,60363,USA,1
364,364 Main St,Chicago,IL,60364,USA,1
365,365 Main St,Chicago,IL,60365,USA,1
366,366 Main St,Chicago,IL,60366,USA,1
367,367 Main St,Chicago,IL,60367,USA,1
368,368 Main St,Chicago,IL,60368,USA,1
369,369 Main St,Chicago,IL,60369,USA,1
370,370 Main St,Chicago,IL,60370,USA,1
371,371 Main St,Chicago,IL,60371,USA,1
372,372 Main St,Chicago,IL,60372,USA,1
373,373 Main St,Chicago,IL,60373,USA,1
374,374 Main St,Chicago,IL,60374,USA,1
375,375 Main St,Chicago,IL,60375,USA,1
376,376 Main St,Chicago,IL,60376,USA,1
377,377 Main St,Chicago,IL,60377,USA,1
378,378 Main St,Chicago,IL,60378,USA,1
379,379 Main St,Chicago,IL,60379,USA,1
380,380 Main St,Chicago,IL,60380,USA,1
381,381 Main St,Chicago,IL,60381,USA,1
382,382 Main St,Chicago,IL,60382,USA,1
383,383 Main St,Chicago,IL,60383,USA,1
384,384 Main St,Chicago,IL,60384,USA,1
385,385 Main St,Chicago,IL,60385,USA,1
386,386 Main St,Chicago,IL,60386,USA,1
387,387 Main St,Chicago,IL,60387,USA,1
388,388 Main St,Chicago,IL,60388,USA,1
389,389 Main St,Chicago,IL,60389,USA,1
390,390 Main St,Chicago,IL,60390,USA,1
391,391 Main St,Chicago,IL,60391,USA,1
392,392 Main St,Chicago,IL,60392,USA,1
393,393 Main St,Chicago,IL,60393,USA,1
394,394 Main St,Chicago,IL,60394,USA,1
395,395 Main St,Chicago,IL,60395,USA,1
396,396 Main St,Chicago,IL,60396,USA,1
397,397 Main St,Chicago,IL,60397,USA,1
398,398 Main St,Chicago,IL,60398,USA,1
399,399 Main St,Chicago,IL,60399,USA,1
400,400 Main St,Chicago,IL,60400,USA,1
401,401 Main St,Chicago,IL,60401,USA,1
402,402 Main St,Chicago,IL,60402,USA,1
403,403 Main St,Chicago,IL,60403,USA,1
404,404 Main St,Chicago,IL,60404,USA,1
405,405 Main St,Chicago,IL,60405,USA,1
406,406 Main St,Chicago,IL,60406,USA,1
407,407 Main St,Chicago,IL,60407,USA,1
408,408 Main St,Chicago,IL,60408,USA,1
409,409 Main St,Chicago,IL,60409,USA,1
410,410 Main St,Chicago,IL,60410,USA,1
411,411 Main St,Chicago,IL,60411,USA,1
412,412 Main St,Chicago,IL,60412,USA,1
413,413 Main St,Chicago,IL,60413,USA,1
414,414 Main St,Chicago,IL,60414,USA,1
415,415 Main St,Chicago,IL,60415,USA,1
416,416 Main St,Chicago,IL,60416,USA,1
417,417 Main St,Chicago,IL,60417,USA,1
418,418 Main St,Chicago,IL,60418,USA,1
419,419 Main St,Chicago,IL,60419,USA,1
420,420 Main St,Chicago,IL,60420,USA,1
421,421 Main St,Chicago,IL,60421,USA,1
422,422 Main St,Chicago,IL,60422,USA,1
423,423 Main St,Chicago,IL,60423,USA,1
424,424 Main St,Chicago,IL,60424,USA,1
425,425 Main St,Chicago,IL,60425,USA,1
426,426 Main St,Chicago,IL,60426,USA,1
427,427 Main St,Chicago,IL,60427,USA,1
428,428 Main St,Chicago,IL,60428,USA,1
429,429 Main St,Chicago,IL,60429,USA,1
430,430 Main St,Chicago,IL,60430,USA,1
431,431 Main St,Chicago,IL,60431,USA,1
432,432 Main St,Chicago,IL,60432,USA,1
433,433 Main St,Chicago,IL,60433,USA,1
434,434 Main St,Chicago,IL,60434,USA,1
435,435 Main St,Chicago,IL,60435,USA,1
436,436 Main St,Chicago,IL,60436,USA,1
437,437 Main St,Chicago,IL,60437,USA,1
438,438 Main St,Chicago,IL,60438,USA,1
439,439 Main St,Chicago,IL,60439,USA,1
440,440 Main St,Chicago,IL,60440,USA,1
441,441 Main St,Chicago,IL,60441,USA,1
442,442 Main St,Chicago,IL,60442,USA,1
443,443 Main St,Chicago,IL,60443,USA,1
444,444 Main St,Chicago,IL,60444,USA,1
445,445 Main St,Chicago,IL,60445,USA,1
446,446 Main St,Chicago,IL,60446,USA,1
447,447 Main St,Chicago,IL,60447,USA,1
448,448 Main St,Chicago,IL,60448,USA,1
449,449 Main St,Chicago,IL,60449,USA,1
450,450 Main St,Chicago,IL,60450,USA,1
451,451 Main St,Chicago,IL,60451,USA,1
452,452 Main St,Chicago,IL,60452,USA,1
453,453 Main St,Chicago,IL,60453,USA,1
454,454 Main St,Chicago,IL,60454,USA,1
455,455 Main St,Chicago,IL,60455,USA,1
456,456 Main St,Chicago,IL,60456,USA,1
457,457 Main St,Chicago,IL,60457,USA,1
458,458 Main St,Chicago,IL,60458,USA,1
459,459 Main St,Chicago,IL,60459,USA,1
460,460 Main St,Chicago,IL,60460,USA,1
461,461 Main St,Chicago,IL,60461,USA,1
462,462 Main St,Chicago,IL,60462,USA,1
463,463 Main St,Chicago,IL,60463,USA,1
464,464 Main St,Chicago,IL,60464,USA,1
465,465 Main St,Chicago,IL,60465,USA,1
466,466 Main St,Chicago,IL,60466,USA,1
467,467 Main St,Chicago,IL,60467,USA,1
468,468 Main St,Chicago,IL,60468,USA,1
469,469 Main St,Chicago,IL,60469,USA,1
470,470 Main St,Chicago,IL,60470,USA,1
471,471 Main St,Chicago,IL,60471,USA,1
472,472 Main St,Chicago,IL,60472,USA,1
473,473 Main St,Chicago,IL,60473,USA,1
474,474 Main St,Chicago,IL,60474,USA,1
475,475 Main St,Chicago,IL,60475,USA,1
476,476 Main St,Chicago,IL,60476,USA,1
477,477 Main St,Chicago,IL,60477,USA,1
478,478 Main St,Chicago,IL,60478,USA,1
479,479 Main St,Chicago,IL,60479,USA,1
480,480 Main St,Chicago,IL,60480,USA,1
481,481 Main St,Chicago,IL,60481,USA,1
482,482 Main St,Chicago,IL,60482,USA,1
483,483 Main St,Chicago,IL,60483,USA,1
484,484 Main St,Chicago,IL,60484,USA,1
485,485 Main St,Chicago,IL,60485,USA,1
486,486 Main St,Chicago,IL,60486,USA,1
487,487 Main St,Chicago,IL,60487,USA,1
488,488 Main St,Chicago,IL,60488,USA,1
489,489 Main St,Chicago,IL,60489,USA,1
490,490 Main St,Chicago,IL,60490,USA,1
491,491 Main St,Chicago,IL,60491,USA,1
492,492 Main St,Chicago,IL,60492,USA,1
493,493 Main St,Chicago,IL,60493,USA,1
494,494 Main St,Chicago,IL,60494,USA,1
495,495 Main St,Chicago,IL,60495,USA,1
496,496 Main St,Chicago,IL,60496,USA,1
497,497 Main St,Chicago,IL,60497,USA,1
498,498 Main St,Chicago,IL,60498,USA,1
499,499 Main St,Chicago,IL,60499,USA,1
500,500 Main St,Chicago,IL,60500,USA,1
501,501 Main St,Chicago,IL,60501,USA,1
502,502 Main St,Chicago,IL,60502,USA,1
503,503 Main St,Chicago,IL,60503,USA,1
504,504 Main St,Chicago,IL,60504,USA,1
505,505 Main St,Chicago,IL,60505,USA,1
506,506 Main St,Chicago,IL,60506,USA,1
507,507 Main St,Chicago,IL,60507,USA,1
508,508 Main St,Chicago,IL,60508,USA,1
509,509 Main St,Chicago,IL,60509,USA,1
510,510 Main St,Chicago,IL,60510,USA,1
511,511 Main St,Chicago,IL,60511,USA,1
512,512 Main St,Chicago,IL,60512,USA,1
513,513 Main St,Chicago,IL,60513,USA,1
514,514 Main St,Chicago,IL,60514,USA,1
515,515 Main St,Chicago,IL,60515,USA,1
516,516 Main St,Chicago,IL,60516,USA,1
517,517 Main St,Chicago,IL,60517,USA,1
518,518 Main St,Chicago,IL,60518,USA,1
519,519 Main St,Chicago,IL,60519,USA,1
520,520 Main St,Chicago,IL,60520,USA,1
521,521 Main St,Chicago,IL,60521,USA,1
522,522 Main St,Chicago,IL,60522,USA,1
523,523 Main St,Chicago,IL,60523,USA,1
524,524 Main St,Chicago,IL,60524,USA,1
525,525 Main St,Chicago,IL,60525,USA,1
526,526 Main St,Chicago,IL,60526,USA,1
527,527 Main St,Chicago,IL,60527,USA,1
528,528 Main St,Chicago,IL,60528,USA,1
529,529 Main St,Chicago,IL,60529,USA,1
530,530 Main St,Chicago,IL,60530,USA,1
531,531 Main St,Chicago,IL,60531,USA,1
532,532 Main St,Chicago,IL,60532,USA,1
533,533 Main St,Chicago,IL,60533,USA,1
534,534 Main St,Chicago,IL,60534,USA,1
535,535 Main St,Chicago,IL,60535,USA,1
536,536 Main St,Chicago,IL,60536,USA,1
537,537 Main St,Chicago,IL,60537,USA,1
538,538 Main St,Chicago,IL,60538,USA,1
539,539 Main St,Chicago,IL,60539,USA,1
540,540 Main St,Chicago,IL,60540,USA,1
541,541 Main St,Chicago,IL,60541,USA,1
542,542 Main St,Chicago,IL,60542,USA,1
543,543 Main St,Chicago,IL,60543,USA,1
544,544 Main St,Chicago,IL,60544,USA,1
545,545 Main St,Chicago,IL,60545,USA,1
546,546 Main St,Chicago,IL,60546,USA,1
547,547 Main St,Chicago,IL,60547,USA,1
548,548 Main St,Chicago,IL,60548,USA,1
549,549 Main St,Chicago,IL,60549,USA,1
550,550 Main St,Chicago,IL,60550,USA,1
551,551 Main St,Chicago,IL,60551,USA,1
552,552 Main St,Chicago,IL,60552,USA,1
553,553 Main St,Chicago,IL,60553,USA,1
554,554 Main St,Chicago,IL,60554,USA,1
555,555 Main St,Chicago,IL,60555,USA,1
556,556 Main St,Chicago,IL,60556,USA,1
557,557 Main St,Chicago,IL,60557,USA,1
558,558 Main St,Chicago,IL,60558,USA,1
559,559 Main St,Chicago,IL,60559,USA,1
560,560 Main St,Chicago,IL,60560,USA,1
561,561 Main St,Chicago,IL,60561,USA,1
562,562 Main St,Chicago,IL,60562,USA,1
563,563 Main St,Chicago,IL,60563,USA,1
564,564 Main St,Chicago,IL,60564,USA,1
565,565 Main St,Chicago,IL,60565,USA,1
566,566 Main St,Chicago,IL,60566,USA,1
567,567 Main St,Chicago,IL,60567,USA,1
568,568 Main St,Chicago,IL,60568,USA,1
569,569 Main St,Chicago,IL,60569,USA,1
570,570 Main St,Chicago,IL,60570,USA,1
571,571 Main St,Chicago,IL,60571,USA,1
572,572 Main St,Chicago,IL,60572,USA,1
573,573 Main St,Chicago,IL,60573,USA,1
574,574 Main St,Chicago,IL,60574,USA,1
575,575 Main St,Chicago,IL,60575,USA,1
576,576 Main St,Chicago,IL,60576,USA,1
577,577 Main St,Chicago,IL,60577,USA,1
578,578 Main St,Chicago,IL,60578,USA,1
579,579 Main St,Chicago,IL,60579,USA,1
580,580 Main St,Chicago,IL,60580,USA,1
581,581 Main St,Chicago,IL,60581,USA,1
582,582 Main St,Chicago,IL,60582,USA,1
583,583 Main St,Chicago,IL,60583,USA,1
584,584 Main St,Chicago,IL,60584,USA,1
585,585 Main St,Chicago,IL,60585,USA,1
586,586 Main St,Chicago,IL,60586,USA,1
587,587 Main St,Chicago,IL,60587,USA,1
588,588 Main St,Chicago,IL,60588,USA,1
589,589 Main St,Chicago,IL,60589,USA,1
590,590 Main St,Chicago,IL,60590,USA,1
591,591 Main St,Chicago,IL,60591,USA,1
592,592 Main St,Chicago,IL,60592,USA,1
593,593 Main St,Chicago,IL,60593,USA,1
594,594 Main St,Chicago,IL,60594,USA,1
595,595 Main St,Chicago,IL,60595,USA,1
596,596 Main St,Chicago,IL,60596,USA,1
597,597 Main St,Chicago,IL,60597,USA,1
598,598 Main St,Chicago,IL,60598,USA,1
599,599 Main St,Chicago,IL,60599,USA,1
600,600 Main St,Chicago,IL,60600,USA,1
601,601 Main St,Chicago,IL,60601,USA,1
602,602 Main St,Chicago,IL,60602,USA,1
603,603 Main St,Chicago,IL,60603,USA,1
604,604 Main St,Chicago,IL,60604,USA,1
605,605 Main St,Chicago,IL,60605,USA,1
606,606 Main St,Chicago,IL,60606,USA,1
607,607 Main St,Chicago,IL,60607,USA,1
608,608 Main St,Chicago,IL,60608,USA,1
609,609 Main St,Chicago,IL,60609,USA,1
610,610 Main St,Chicago,IL,60610,USA,1
611,611 Main St,Chicago,IL,60611,USA,1
612,612 Main St,Chicago,IL,60612,USA,1
613,613 Main St,Chicago,IL,60613,USA,1
614,614 Main St,Chicago,IL,60614,USA,1
615,615 Main St,Chicago,IL,60615,USA,1
616,616 Main St,Chicago,IL,60616,USA,1
617,617 Main St,Chicago,IL,60617,USA,1
618,618 Main St,Chicago,IL,60618,USA,1
619,619 Main St,Chicago,IL,60619,USA,1
620,620 Main St,Chicago,IL,60620,USA,1
621,621 Main St,Chicago,IL,60621,USA,1
622,622 Main St,Chicago,IL,60622,USA,1
623,623 Main St,Chicago,IL,60623,USA,1
624,624 Main St,Chicago,IL,60624,USA,1
625,625 Main St,Chicago,IL,60625,USA,1
626,626 Main St,Chicago,IL,60626,USA,1
627,627 Main St,Chicago,IL,60627,USA,1
628,628 Main St,Chicago,IL,60628,USA,1
629,629 Main St,Chicago,IL,60629,USA,1
630,630 Main St,Chicago,IL,60630,USA,1
631,631 Main St,Chicago,IL,60631,USA,1
632,632 Main St,Chicago,IL,60632,USA,1
633,633 Main St,Chicago,IL,60633,USA,1
634,634 Main St,Chicago,IL,60634,USA,1
635,635 Main St,Chicago,IL,60635,USA,1
636,636 Main St,Chicago,IL,60636,USA,1
637,637 Main St,Chicago,IL,60637,USA,1
638,638 Main St,Chicago,IL,60638,USA,1
639,639 Main St,Chicago,IL,60639,USA,1
640,640 Main St,Chicago,IL,60640,USA,1
641,641 Main St,Chicago,IL,60641,USA,1
642,642 Main St,Chicago,IL,60642,USA,1
643,643 Main St,Chicago,IL,60643,USA,1
644,644 Main St,Chicago,IL,60644,USA,1
645,645 Main St,Chicago,IL,60645,USA,1
646,646 Main St,Chicago,IL,60646,USA,1
647,647 Main St,Chicago,IL,60647,USA,1
648,648 Main St,Chicago,IL,60648,USA,1
649,649 Main St,Chicago,IL,60649,USA,1
650,650 Main St,Chicago,IL,60650,USA,1
651,651 Main St,Chicago,IL,60651,USA,1
652,652 Main St,Chicago,IL,60652,USA,1
653,653 Main St,Chicago,IL,60653,USA,1
654,654 Main St,Chicago,IL,60654,USA,1
655,655 Main St,Chicago,IL,60655,USA,1
656,656 Main St,Chicago,IL,60656,USA,1
657,657 Main St,Chicago,IL,60657,USA,1
658,658 Main St,Chicago,IL,60658,USA,1
659,659 Main St,Chicago,IL,60659,USA,1
660,660 Main St,Chicago,IL,60660,USA,1
661,661 Main St,Chicago,IL,60661,USA,1
662,662 Main St,Chicago,IL,60662,USA,1
663,663 Main St,Chicago,IL,60663,USA,1
664,664 Main St,Chicago,IL,60664,USA,1
665,665 Main St,Chicago,IL,60665,USA,1
666,666 Main St,Chicago,IL,60666,USA,1
667,667 Main St,Chicago,IL,60667,USA,1
668,668 Main St,Chicago,IL,60668,USA,1
669,669 Main St,Chicago,IL,60669,USA,1
670,670 Main St,Chicago,IL,60670,USA,1
671,671 Main St,Chicago,IL,60671,USA,1
672,672 Main St,Chicago,IL,60672,USA,1
673,673 Main St,Chicago,IL,60673,USA,1
674,674 Main St,Chicago,IL,60674,USA,1
675,675 Main St,Chicago,IL,60675,USA,1
676,676 Main St,Chicago,IL,60676,USA,1
677,677 Main St,Chicago,IL,60677,USA,1
678,678 Main St,Chicago,IL,60678,USA,1
679,679 Main St,Chicago,IL,60679,USA,1
680,680 Main St,Chicago,IL,60680,USA,1
681,681 Main St,Chicago,IL,60681,USA,1
682,682 Main St,Chicago,IL,60682,USA,1
683,683 Main St,Chicago,IL,60683,USA,1
684,684 Main St,Chicago,IL,60684,USA,1
685,685 Main St,Chicago,IL,60685,USA,1
686,686 Main St,Chicago,IL,60686,USA,1
687,687 Main St,Chicago,IL,60687,USA,1
688,688 Main St,Chicago,IL,60688,USA,1
689,689 Main St,Chicago,IL,60689,USA,1
690,690 Main St,Chicago,IL,60690,USA,1
691,691 Main St,Chicago,IL,60691,USA,1
692,692 Main St,Chicago,IL,60692,USA,1
693,693 Main St,Chicago,IL,60693,USA,1
694,694 Main St,Chicago,IL,60694,USA,1
695,695 Main St,Chicago,IL,60695,USA,1
696,696 Main St,Chicago,IL,60696,USA,1
697,697 Main St,Chicago,IL,60697,USA,1
698,698 Main St,Chicago,IL,60698,USA,1
699,699 Main St,Chicago,IL,60699,USA,1
700,700 Main St,Chicago,IL,60700,USA,1
701,701 Main St,Chicago,IL,60701,USA,1
702,702 Main St,Chicago,IL,60702,USA,1
703,703 Main St,Chicago,IL,60703,USA,1
704,704 Main St,Chicago,IL,60704,USA,1
705,705 Main St,Chicago,IL,60705,USA,1
706,706 Main St,Chicago,IL,60706,USA,1
707,707 Main St,Chicago,IL,60707,USA,1
708,708 Main St,Chicago,IL,60708,USA,1
709,709 Main St,Chicago,IL,60709,USA,1
710,710 Main St,Chicago,IL,60710,USA,1
711,711 Main St,Chicago,IL,60711,USA,1
712,712 Main St,Chicago,IL,60712,USA,1
713,713 Main St,Chicago,IL,60713,USA,1
714,714 Main St,Chicago,IL,60714,USA,1
715,715 Main St,Chicago,IL,60715,USA,1
716,716 Main St,Chicago,IL,60716,USA,1
717,717 Main St,Chicago,IL,60717,USA,1
718,718 Main St,Chicago,IL,60718,USA,1
719,719 Main St,Chicago,IL,60719,USA,1
720,720 Main St,Chicago,IL,60720,USA,1
721,721 Main St,Chicago,IL,60721,USA,1
722,722 Main St,Chicago,IL,60722,USA,1
723,723 Main St,Chicago,IL,60723,USA,1
724,724 Main St,Chicago,IL,60724,USA,1
725,725 Main St,Chicago,IL,60725,USA,1
726,726 Main St,Chicago,IL,60726,USA,1
727,727 Main St,Chicago,IL,60727,USA,1
728,728 Main St,Chicago,IL,60728,USA,1
729,729 Main St,Chicago,IL,60729,USA,1
730,730 Main St,Chicago,IL,60730,USA,1
731,731 Main St,Chicago,IL,60731,USA,1
732,732 Main St,Chicago,IL,60732,USA,1
733,733 Main St,Chicago,IL,60733,USA,1
734,734 Main St,Chicago,IL,60734,USA,1
735,735 Main St,Chicago,IL,60735,USA,1
736,736 Main St,Chicago,IL,60736,USA,1
737,737 Main St,Chicago,IL,60737,USA,1
738,738 Main St,Chicago,IL,60738,USA,1
739,739 Main St,Chicago,IL,60739,USA,1
740,740 Main St,Chicago,IL,60740,USA,1
741,741 Main St,Chicago,IL,60741,USA,1
742,742 Main St,Chicago,IL,60742,USA,1
743,743 Main St,Chicago,IL,60743,USA,1
744,744 Main St,Chicago,IL,60744,USA,1
745,745 Main St,Chicago,IL,60745,USA,1
746,746 Main St,Chicago,IL,60746,USA,1
747,747 Main St,Chicago,IL,60747,USA,1
748,748 Main St,Chicago,IL,60748,USA,1
749,749 Main St,Chicago,IL,60749,USA,1
750,750 Main St,Chicago,IL,60750,USA,1
751,751 Main St,Chicago,IL,60751,USA,1
752,752 Main St,Chicago,IL,60752,USA,1
753,753 Main St,Chicago,IL,60753,USA,1
754,754 Main St,Chicago,IL,60754,USA,1
755,755 Main St,Chicago,IL,60755,USA,1
756,756 Main St,Chicago,IL,60756,USA,1
757,757 Main St,Chicago,IL,60757,USA,1
758,758 Main St,Chicago,IL,60758,USA,1
759,759 Main St,Chicago,IL,60759,USA,1
760,760 Main St,Chicago,IL,60760,USA,1
761,761 Main St,Chicago,IL,60761,USA,1
762,762 Main St,Chicago,IL,60762,USA,1
763,763 Main St,Chicago,IL,60763,USA,1
764,764 Main St,Chicago,IL,60764,USA,1
765,765 Main St,Chicago,IL,60765,USA,1
766,766 Main St,Chicago,IL,60766,USA,1
767,767 Main St,Chicago,IL,60767,USA,1
768,768 Main St,Chicago,IL,60768,USA,1
769,769 Main St,Chicago,IL,60769,USA,1
770,770 Main St,Chicago,IL,60770,USA,1
771,771 Main St,Chicago,IL,60771,USA,1
772,772 Main St,Chicago,IL,60772,USA,1
773,773 Main St,Chicago,IL,60773,USA,1
774,774 Main St,Chicago,IL,60774,USA,1
775,775 Main St,Chicago,IL,60775,USA,1
776,776 Main St,Chicago,IL,60776,USA,1
777,777 Main St,Chicago,IL,60777,USA,1
778,778 Main St,Chicago,IL,60778,USA,1
779,779 Main St,Chicago,IL,60779,USA,1
780,780 Main St,Chicago,IL,60780,USA,1
781,781 Main St,Chicago,IL,60781,USA,1
782,782 Main St,Chicago,IL,60782,USA,1
783,783 Main St,Chicago,IL,60783,USA,1
784,784 Main St,Chicago,IL,60784,USA,1
785,785 Main St,Chicago,IL,60785,USA,1
786,786 Main St,Chicago,IL,60786,USA,1
787,787 Main St,Chicago,IL,60787,USA,1
788,788 Main St,Chicago,IL,60788,USA,1
789,789 Main St,Chicago,IL,60789,USA,1
790,790 Main St,Chicago,IL,60790,USA,1
791,791 Main St,Chicago,IL,60791,USA,1
792,792 Main St,Chicago,IL,60792,USA,1
793,793 Main St,Chicago,IL,60793,USA,1
794,794 Main St,Chicago,IL,60794,USA,1
795,795 Main St,Chicago,IL,60795,USA,1
796,796 Main St,Chicago,IL,60796,USA,1
797,797 Main St,Chicago,IL,60797,USA,1
798,798 Main St,Chicago,IL,60798,USA,1
799,799 Main St,Chicago,IL,60799,USA,1
800,800 Main St,Chicago,IL,60800,USA,1
801,801 Main St,Chicago,IL,60801,USA,1
802,802 Main St,Chicago,IL,60802,USA,1
803,803 Main St,Chicago,IL,60803,USA,1
804,804 Main St,Chicago,IL,60804,USA,1
805,805 Main St,Chicago,IL,60805,USA,1
806,806 Main St,Chicago,IL,60806,USA,1
807,807 Main St,Chicago,IL,60807,USA,1
808,808 Main St,Chicago,IL,60808,USA,1
809,809 Main St,Chicago,IL,60809,USA,1
810,810 Main St,Chicago,IL,60810,USA,1
811,811 Main St,Chicago,IL,60811,USA,1
812,812 Main St,Chicago,IL,60812,USA,1
813,813 Main St,Chicago,IL,60813,USA,1
814,814 Main St,Chicago,IL,60814,USA,1
815,815 Main St,Chicago,IL,60815,USA,1
816,816 Main St,Chicago,IL,60816,USA,1
817,817 Main St,Chicago,IL,60817,USA,1
818,818 Main St,Chicago,IL,60818,USA,1
819,819 Main St,Chicago,IL,60819,USA,1
820,820 Main St,Chicago,IL,60820,USA,1
821,821 Main St,Chicago,IL,60821,USA,1
822,822 Main St,Chicago,IL,60822,USA,1
823,823 Main St,Chicago,IL,60823,USA,1
824,824 Main St,Chicago,IL,60824,USA,1
825,825 Main St,Chicago,IL,60825,USA,1
826,826 Main St,Chicago,IL,60826,USA,1
827,827 Main St,Chicago,IL,60827,USA,1
828,828 Main St,Chicago,IL,60828,USA,1
829,829 Main St,Chicago,IL,60829,USA,1
830,830 Main St,Chicago,IL,60830,USA,1
831,831 Main St,Chicago,IL,60831,USA,1
832,832 Main St,Chicago,IL,60832,USA,1
833,833 Main St,Chicago,IL,60833,USA,1
834,834 Main St,Chicago,IL,60834,USA,1
835,835 Main St,Chicago,IL,60835,USA,1
836,836 Main St,Chicago,IL,60836,USA,1
837,837 Main St,Chicago,IL,60837,USA,1
838,838 Main St,Chicago,IL,60838,USA,1
839,839 Main St,Chicago,IL,60839,USA,1
840,840 Main St,Chicago,IL,60840,USA,1
841,841 Main St,Chicago,IL,60841,USA,1
842,842 Main St,Chicago,IL,60842,USA,1
843,843 Main St,Chicago,IL,60843,USA,1
844,844 Main St,Chicago,IL,60844,USA,1
845,845 Main St,Chicago,IL,60845,USA,1
846,846 Main St,Chicago,IL,60846,USA,1
847,847 Main St,Chicago,IL,60847,USA,1
848,848 Main St,Chicago,IL,60848,USA,1
849,849 Main St,Chicago,IL,60849,USA,1
850,850 Main St,Chicago,IL,60850,USA,1
851,851 Main St,Chicago,IL,60851,USA,1
852,852 Main St,Chicago,IL,60852,USA,1
853,853 Main St,Chicago,IL,60853,USA,1
854,854 Main St,Chicago,IL,60854,USA,1
855,855 Main St,Chicago,IL,60855,USA,1
856,856 Main St,Chicago,IL,60856,USA,1
857,857 Main St,Chicago,IL,60857,USA,1
858,858 Main St,Chicago,IL,60858,USA,1
859,859 Main St,Chicago,IL,60859,USA,1
860,860 Main St,Chicago,IL,60860,USA,1
861,861 Main St,Chicago,IL,60861,USA,1
862,862 Main St,Chicago,IL,60862,USA,1
863,863 Main St,Chicago,IL,60863,USA,1
864,864 Main St,Chicago,IL,60864,USA,1
865,865 Main St,Chicago,IL,60865,USA,1
866,866 Main St,Chicago,IL,60866,USA,1
867,867 Main St,Chicago,IL,60867,USA,1
868,868 Main St,Chicago,IL,60868,USA,1
869,869 Main St,Chicago,IL,60869,USA,1
870,870 Main St,Chicago,IL,60870,USA,1
871,871 Main St,Chicago,IL,60871,USA,1
872,872 Main St,Chicago,IL,60872,USA,1
873,873 Main St,Chicago,IL,60873,USA,1
874,874 Main St,Chicago,IL,60874,USA,1
875,875 Main St,Chicago,IL,60875,USA,1
876,876 Main St,Chicago,IL,60876,USA,1
877,877 Main St,Chicago,IL,60877,USA,1
878,878 Main St,Chicago,IL,60878,USA,1
879,879 Main St,Chicago,IL,60879,USA,1
880,880 Main St,Chicago,IL,60880,USA,1
881,881 Main St,Chicago,IL,60881,USA,1
882,882 Main St,Chicago,IL,60882,USA,1
883,883 Main St,Chicago,IL,60883,USA,1
884,884 Main St,Chicago,IL,60884,USA,1
885,885 Main St,Chicago,IL,60885,USA,1
886,886 Main St,Chicago,IL,60886,USA,1
887,887 Main St,Chicago,IL,60887,USA,1
888,888 Main St,Chicago,IL,60888,USA,1
889,889 Main St,Chicago,IL,60889,USA,1
890,890 Main St,Chicago,IL,60890,USA,1
891,891 Main St,Chicago,IL,60891,USA,1
892,892 Main St,Chicago,IL,60892,USA,1
893,893 Main St,Chicago,IL,60893,USA,1
894,894 Main St,Chicago,IL,60894,USA,1
895,895 Main St,Chicago,IL,60895,USA,1
896,896 Main St,Chicago,IL,60896,USA,1
897,897 Main St,Chicago,IL,60897,USA,1
898,898 Main St,Chicago,IL,60898,USA,1
899,899 Main St,Chicago,IL,60899,USA,1
900,900 Main St,Chicago,IL,60900,USA,1
901,901 Main St,Chicago,IL,60901,USA,1
902,902 Main St,Chicago,IL,60902,USA,1
903,903 Main St,Chicago,IL,60903,USA,1
904,904 Main St,Chicago,IL,60904,USA,1
905,905 Main St,Chicago,IL,60905,USA,1
906,906 Main St,Chicago,IL,60906,USA,1
907,907 Main St,Chicago,IL,60907,USA,1
908,908 Main St,Chicago,IL,60908,USA,1
909,909 Main St,Chicago,IL,60909,USA,1
910,910 Main St,Chicago,IL,60910,USA,1
911,911 Main St,Chicago,IL,60911,USA,1
912,912 Main St,Chicago,IL,60912,USA,1
913,913 Main St,Chicago,IL,60913,USA,1
914,914 Main St,Chicago,IL,60914,USA,1
915,915 Main St,Chicago,IL,60915,USA,1
916,916 Main St,Chicago,IL,60916,USA,1
917,917 Main St,Chicago,IL,60917,USA,1
918,918 Main St,Chicago,IL,60918,USA,1
919,919 Main St,Chicago,IL,60919,USA,1
920,920 Main St,Chicago,IL,60920,USA,1
921,921 Main St,Chicago,IL,60921,USA,1
922,922 Main St,Chicago,IL,60922,USA,1
923,923 Main St,Chicago,IL,60923,USA,1
924,924 Main St,Chicago,IL,60924,USA,1
925,925 Main St,Chicago,IL,60925,USA,1
926,926 Main St,Chicago,IL,60926,USA,1
927,927 Main St,Chicago,IL,60927,USA,1
928,928 Main St,Chicago,IL,60928,USA,1
929,929 Main St,Chicago,IL,60929,USA,1
930,930 Main St,Chicago,IL,60930,USA,1
931,931 Main St,Chicago,IL,60931,USA,1
932,932 Main St,Chicago,IL,60932,USA,1
933,933 Main St,Chicago,IL,60933,USA,1
934,934 Main St,Chicago,IL,60934,USA,1
935,935 Main St,Chicago,IL,60935,USA,1
936,936 Main St,Chicago,IL,60936,USA,1
937,937 Main St,Chicago,IL,60937,USA,1
938,938 Main St,Chicago,IL,60938,USA,1
939,939 Main St,Chicago,IL,60939,USA,1
940,940 Main St,Chicago,IL,60940,USA,1
941,941 Main St,Chicago,IL,60941,USA,1
942,942 Main St,Chicago,IL,60942,USA,1
943,943 Main St,Chicago,IL,60943,USA,1
944,944 Main St,Chicago,IL,60944,USA,1
945,945 Main St,Chicago,IL,60945,USA,1
946,946 Main St,Chicago,IL,60946,USA,1
947,947 Main St,Chicago,IL,60947,USA,1
948,948 Main St,Chicago,IL,60948,USA,1
949,949 Main St,Chicago,IL,60949,USA,1
950,950 Main St,Chicago,IL,60950,USA,1
951,951 Main St,Chicago,IL,60951,USA,1
952,952 Main St,Chicago,IL,60952,USA,1
953,953 Main St,Chicago,IL,60953,USA,1
954,954 Main St,Chicago,IL,60954,USA,1
955,955 Main St,Chicago,IL,60955,USA,1
956,956 Main St,Chicago,IL,60956,USA,1
957,957 Main St,Chicago,IL,60957,USA,1
958,958 Main St,Chicago,IL,60958,USA,1
959,959 Main St,Chicago,IL,60959,USA,1
960,960 Main St,Chicago,IL,60960,USA,1
961,961 Main St,Chicago,IL,60961,USA,1
962,962 Main St,Chicago,IL,60962,USA,1
963,963 Main St,Chicago,IL,60963,USA,1
964,964 Main St,Chicago,IL,60964,USA,1
965,965 Main St,Chicago,IL,60965,USA,1
966,966 Main St,Chicago,IL,60966,USA,1
967,967 Main St,Chicago,IL,60967,USA,1
968,968 Main St,Chicago,IL,60968,USA,1
969,969 Main St,Chicago,IL,60969,USA,1
970,970 Main St,Chicago,IL,60970,USA,1
971,971 Main St,Chicago,IL,60971,USA,1
972,972 Main St,Chicago,IL,60972,USA,1
973,973 Main St,Chicago,IL,60973,USA,1
974,974 Main St,Chicago,IL,60974,USA,1
975,975 Main St,Chicago,IL,60975,USA,1
976,976 Main St,Chicago,IL,60976,USA,1
977,977 Main St,Chicago,IL,60977,USA,1
978,978 Main St,Chicago,IL,60978,USA,1
979,979 Main St,Chicago,IL,60979,USA,1
980,980 Main St,Chicago,IL,60980,USA,1
981,981 Main St,Chicago,IL,60981,USA,1
982,982 Main St,Chicago,IL,60982,USA,1
983,983 Main St,Chicago,IL,60983,USA,1
984,984 Main St,Chicago,IL,60984,USA,1
985,985 Main St,Chicago,IL,60985,USA,1
986,986 Main St,Chicago,IL,60986,USA,1
987,987 Main St,Chicago,IL,60987,USA,1
988,988 Main St,Chicago,IL,60988,USA,1
989,989 Main St,Chicago,IL,60989,USA,1
990,990 Main St,Chicago,IL,60990,USA,1
991,991 Main St,Chicago,IL,60991,USA,1
992,992 Main St,Chicago,IL,60992,USA,1
993,993 Main St,Chicago,IL,60993,USA,1
994,994 Main St,Chicago,IL,60994,USA,1
995,995 Main St,Chicago,IL,60995,USA,1
996,996 Main St,Chicago,IL,60996,USA,1
997,997 Main St,Chicago,IL,60997,USA,1
998,998 Main St,Chicago,IL,60998,USA,1
999,999 Main St,Chicago,IL,60999,USA,1
1000,1000 Main St,Chicago,IL,61000,USA,1
