product_id,variant_key,quantity,low_stock_threshold
1,default,117,5
2,default,66,5
3,default,121,5
4,default,65,5
5,default,195,5
6,default,113,5
7,default,166,5
8,default,35,5
9,default,31,5
10,default,145,5
11,default,124,5
12,default,10,5
13,default,93,5
14,default,73,5
15,default,102,5
16,default,104,5
17,default,158,5
18,default,174,5
19,default,33,5
20,default,112,5
21,default,93,5
22,default,131,5
23,default,159,5
24,default,80,5
25,default,95,5
26,default,21,5
27,default,174,5
28,default,105,5
29,default,129,5
30,default,115,5
31,default,67,5
32,default,174,5
33,default,10,5
34,default,158,5
35,default,164,5
36,default,14,5
37,default,189,5
38,default,62,5
39,default,179,5
40,default,143,5
41,default,2,5
42,default,39,5
43,default,26,5
44,default,74,5
45,default,96,5
46,default,40,5
47,default,145,5
48,default,102,5
49,default,18,5
50,default,57,5
51,default,99,5
52,default,118,5
53,default,171,5
54,default,23,5
55,default,89,5
56,default,119,5
57,default,119,5
58,default,164,5
59,default,136,5
60,default,119,5
61,default,27,5
62,default,21,5
63,default,46,5
64,default,187,5
65,default,27,5
66,default,101,5
67,default,196,5
68,default,110,5
69,default,51,5
70,default,102,5
71,default,84,5
72,default,16,5
73,default,81,5
74,default,87,5
75,default,154,5
76,default,124,5
77,default,54,5
78,default,179,5
79,default,189,5
80,default,121,5
81,default,29,5
82,default,71,5
83,default,116,5
84,default,9,5
85,default,139,5
86,default,39,5
87,default,120,5
88,default,37,5
89,default,163,5
90,default,54,5
91,default,81,5
92,default,145,5
93,default,8,5
94,default,153,5
95,default,198,5
96,default,97,5
97,default,15,5
98,default,92,5
99,default,110,5
100,default,121,5
101,default,54,5
102,default,13,5
103,default,54,5
104,default,5,5
105,default,194,5
106,default,175,5
107,default,108,5
108,default,69,5
109,default,64,5
110,default,162,5
111,default,45,5
112,default,21,5
113,default,36,5
114,default,17,5
115,default,70,5
116,default,103,5
117,default,20,5
118,default,76,5
119,default,182,5
120,default,115,5
121,default,107,5
122,default,134,5
123,default,54,5
124,default,171,5
125,default,66,5
126,default,47,5
127,default,13,5
128,default,23,5
129,default,109,5
130,default,87,5
131,default,192,5
132,default,76,5
133,default,42,5
134,default,50,5
135,default,89,5
136,default,107,5
137,default,123,5
138,default,121,5
139,default,137,5
140,default,176,5
141,default,200,5
142,default,41,5
143,default,178,5
144,default,111,5
145,default,90,5
146,default,177,5
147,default,146,5
148,default,99,5
149,default,2,5
150,default,143,5
151,default,200,5
152,default,152,5
153,default,50,5
154,default,19,5
155,default,185,5
156,default,170,5
157,default,148,5
158,default,157,5
159,default,37,5
160,default,82,5
161,default,170,5
162,default,187,5
163,default,190,5
164,default,188,5
165,default,187,5
166,default,81,5
167,default,3,5
168,default,38,5
169,default,117,5
170,default,37,5
171,default,127,5
172,default,81,5
173,default,29,5
174,default,172,5
175,default,104,5
176,default,67,5
177,default,133,5
178,default,184,5
179,default,0,5
180,default,115,5
181,default,32,5
182,default,162,5
183,default,115,5
184,default,163,5
185,default,148,5
186,default,24,5
187,default,9,5
188,default,55,5
189,default,190,5
190,default,48,5
191,default,107,5
192,default,178,5
193,default,139,5
194,default,198,5
195,default,42,5
196,default,153,5
197,default,96,5
198,default,55,5
199,default,89,5
200,default,53,5
201,default,48,5
202,default,173,5
203,default,147,5
204,default,3,5
205,default,94,5
206,default,93,5
207,default,4,5
208,default,77,5
209,default,78,5
210,default,128,5
211,default,31,5
212,default,179,5
213,default,127,5
214,default,166,5
215,default,116,5
216,default,105,5
217,default,105,5
218,default,90,5
219,default,90,5
220,default,138,5
221,default,109,5
222,default,133,5
223,default,195,5
224,default,85,5
225,default,29,5
226,default,45,5
227,default,117,5
228,default,109,5
229,default,95,5
230,default,45,5
231,default,141,5
232,default,152,5
233,default,41,5
234,default,138,5
235,default,111,5
236,default,97,5
237,default,72,5
238,default,168,5
239,default,176,5
240,default,174,5
241,default,111,5
242,default,162,5
243,default,72,5
244,default,179,5
245,default,158,5
246,default,25,5
247,default,22,5
248,default,26,5
249,default,22,5
250,default,166,5
251,default,4,5
252,default,157,5
253,default,105,5
254,default,26,5
255,default,127,5
256,default,191,5
257,default,192,5
258,default,159,5
259,default,139,5
260,default,25,5
261,default,162,5
262,default,113,5
263,default,128,5
264,default,148,5
265,default,8,5
266,default,170,5
267,default,74,5
268,default,107,5
269,default,54,5
270,default,57,5
271,default,198,5
272,default,116,5
273,default,141,5
274,default,97,5
275,default,29,5
276,default,50,5
277,default,120,5
278,default,31,5
279,default,89,5
280,default,118,5
281,default,105,5
282,default,165,5
283,default,180,5
284,default,200,5
285,default,189,5
286,default,101,5
287,default,1,5
288,default,95,5
289,default,200,5
290,default,57,5
291,default,129,5
292,default,72,5
293,default,68,5
294,default,168,5
295,default,67,5
296,default,78,5
297,default,106,5
298,default,172,5
299,default,61,5
300,default,1,5
301,default,106,5
302,default,8,5
303,default,3,5
304,default,6,5
305,default,39,5
306,default,95,5
307,default,132,5
308,default,189,5
309,default,153,5
310,default,81,5
311,default,85,5
312,default,43,5
313,default,146,5
314,default,110,5
315,default,61,5
316,default,142,5
317,default,100,5
318,default,49,5
319,default,157,5
320,default,164,5
321,default,100,5
322,default,13,5
323,default,147,5
324,default,109,5
325,default,32,5
326,default,162,5
327,default,99,5
328,default,186,5
329,default,44,5
330,default,103,5
331,default,81,5
332,default,132,5
333,default,40,5
334,default,111,5
335,default,59,5
336,default,25,5
337,default,181,5
338,default,32,5
339,default,129,5
340,default,30,5
341,default,161,5
342,default,147,5
343,default,200,5
344,default,100,5
345,default,195,5
346,default,160,5
347,default,66,5
348,default,141,5
349,default,40,5
350,default,82,5
351,default,52,5
352,default,23,5
353,default,23,5
354,default,6,5
355,default,111,5
356,default,2,5
357,default,160,5
358,default,197,5
359,default,151,5
360,default,39,5
361,default,7,5
362,default,158,5
363,default,181,5
364,default,139,5
365,default,20,5
366,default,146,5
367,default,97,5
368,default,6,5
369,default,190,5
370,default,187,5
371,default,33,5
372,default,116,5
373,default,162,5
374,default,161,5
375,default,199,5
376,default,91,5
377,default,47,5
378,default,61,5
379,default,167,5
380,default,56,5
381,default,76,5
382,default,49,5
383,default,137,5
384,default,62,5
385,default,185,5
386,default,199,5
387,default,96,5
388,default,197,5
389,default,66,5
390,default,168,5
391,default,13,5
392,default,70,5
393,default,21,5
394,default,36,5
395,default,160,5
396,default,5,5
397,default,163,5
398,default,148,5
399,default,26,5
400,default,28,5
401,default,117,5
402,default,152,5
403,default,31,5
404,default,27,5
405,default,36,5
406,default,72,5
407,default,67,5
408,default,46,5
409,default,23,5
410,default,19,5
411,default,126,5
412,default,92,5
413,default,53,5
414,default,100,5
415,default,25,5
416,default,125,5
417,default,5,5
418,default,105,5
419,default,18,5
420,default,124,5
421,default,160,5
422,default,19,5
423,default,53,5
424,default,175,5
425,default,107,5
426,default,96,5
427,default,80,5
428,default,162,5
429,default,115,5
430,default,41,5
431,default,46,5
432,default,76,5
433,default,2,5
434,default,45,5
435,default,168,5
436,default,145,5
437,default,161,5
438,default,155,5
439,default,8,5
440,default,30,5
441,default,87,5
442,default,88,5
443,default,123,5
444,default,157,5
445,default,153,5
446,default,139,5
447,default,1,5
448,default,40,5
449,default,133,5
450,default,189,5
451,default,65,5
452,default,31,5
453,default,49,5
454,default,155,5
455,default,7,5
456,default,137,5
457,default,5,5
458,default,132,5
459,default,131,5
460,default,194,5
461,default,39,5
462,default,55,5
463,default,93,5
464,default,29,5
465,default,55,5
466,default,7,5
467,default,83,5
468,default,35,5
469,default,56,5
470,default,21,5
471,default,186,5
472,default,177,5
473,default,32,5
474,default,68,5
475,default,70,5
476,default,123,5
477,default,51,5
478,default,23,5
479,default,89,5
480,default,181,5
481,default,141,5
482,default,166,5
483,default,75,5
484,default,119,5
485,default,190,5
486,default,126,5
487,default,111,5
488,default,131,5
489,default,102,5
490,default,49,5
491,default,64,5
492,default,44,5
493,default,50,5
494,default,175,5
495,default,183,5
496,default,71,5
497,default,100,5
498,default,26,5
499,default,149,5
500,default,196,5
501,default,150,5
502,default,79,5
503,default,42,5
504,default,52,5
505,default,184,5
506,default,124,5
507,default,110,5
508,default,114,5
509,default,108,5
510,default,152,5
511,default,191,5
512,default,69,5
513,default,81,5
514,default,159,5
515,default,27,5
516,default,155,5
517,default,98,5
518,default,109,5
519,default,51,5
520,default,145,5
521,default,90,5
522,default,95,5
523,default,161,5
524,default,16,5
525,default,115,5
526,default,42,5
527,default,8,5
528,default,130,5
529,default,64,5
530,default,150,5
531,default,104,5
532,default,75,5
533,default,154,5
534,default,165,5
535,default,135,5
536,default,90,5
537,default,101,5
538,default,7,5
539,default,29,5
540,default,46,5
541,default,82,5
542,default,109,5
543,default,47,5
544,default,91,5
545,default,62,5
546,default,18,5
547,default,55,5
548,default,168,5
549,default,95,5
550,default,95,5
551,default,37,5
552,default,199,5
553,default,80,5
554,default,31,5
555,default,2,5
556,default,81,5
557,default,176,5
558,default,2,5
559,default,183,5
560,default,84,5
561,default,54,5
562,default,119,5
563,default,145,5
564,default,82,5
565,default,59,5
566,default,143,5
567,default,16,5
568,default,98,5
569,default,72,5
570,default,154,5
571,default,54,5
572,default,134,5
573,default,55,5
574,default,26,5
575,default,143,5
576,default,71,5
577,default,183,5
578,default,155,5
579,default,171,5
580,default,19,5
581,default,146,5
582,default,165,5
583,default,107,5
584,default,174,5
585,default,193,5
586,default,111,5
587,default,81,5
588,default,81,5
589,default,50,5
590,default,50,5
591,default,12,5
592,default,126,5
593,default,127,5
594,default,11,5
595,default,70,5
596,default,107,5
597,default,30,5
598,default,31,5
599,default,115,5
600,default,43,5
601,default,153,5
602,default,83,5
603,default,151,5
604,default,98,5
605,default,60,5
606,default,147,5
607,default,5,5
608,default,72,5
609,default,4,5
610,default,164,5
611,default,200,5
612,default,147,5
613,default,1,5
614,default,118,5
615,default,72,5
616,default,33,5
617,default,103,5
618,default,9,5
619,default,136,5
620,default,135,5
621,default,10,5
622,default,86,5
623,default,165,5
624,default,4,5
625,default,17,5
626,default,120,5
627,default,24,5
628,default,106,5
629,default,185,5
630,default,77,5
631,default,70,5
632,default,81,5
633,default,192,5
634,default,88,5
635,default,102,5
636,default,20,5
637,default,142,5
638,default,198,5
639,default,80,5
640,default,126,5
641,default,156,5
642,default,12,5
643,default,100,5
644,default,76,5
645,default,178,5
646,default,116,5
647,default,126,5
648,default,164,5
649,default,31,5
650,default,95,5
651,default,158,5
652,default,26,5
653,default,7,5
654,default,57,5
655,default,12,5
656,default,2,5
657,default,35,5
658,default,26,5
659,default,82,5
660,default,176,5
661,default,185,5
662,default,111,5
663,default,57,5
664,default,43,5
665,default,22,5
666,default,48,5
667,default,185,5
668,default,94,5
669,default,137,5
670,default,1,5
671,default,176,5
672,default,13,5
673,default,66,5
674,default,200,5
675,default,11,5
676,default,28,5
677,default,12,5
678,default,77,5
679,default,19,5
680,default,67,5
681,default,84,5
682,default,176,5
683,default,156,5
684,default,97,5
685,default,69,5
686,default,178,5
687,default,43,5
688,default,35,5
689,default,149,5
690,default,117,5
691,default,30,5
692,default,32,5
693,default,81,5
694,default,37,5
695,default,192,5
696,default,149,5
697,default,105,5
698,default,163,5
699,default,114,5
700,default,171,5
701,default,31,5
702,default,133,5
703,default,135,5
704,default,61,5
705,default,147,5
706,default,122,5
707,default,169,5
708,default,125,5
709,default,71,5
710,default,82,5
711,default,197,5
712,default,187,5
713,default,123,5
714,default,57,5
715,default,23,5
716,default,67,5
717,default,196,5
718,default,75,5
719,default,182,5
720,default,21,5
721,default,90,5
722,default,142,5
723,default,62,5
724,default,168,5
725,default,165,5
726,default,188,5
727,default,52,5
728,default,177,5
729,default,19,5
730,default,19,5
731,default,126,5
732,default,15,5
733,default,54,5
734,default,3,5
735,default,171,5
736,default,55,5
737,default,119,5
738,default,98,5
739,default,48,5
740,default,124,5
741,default,26,5
742,default,87,5
743,default,53,5
744,default,151,5
745,default,194,5
746,default,135,5
747,default,131,5
748,default,80,5
749,default,194,5
750,default,79,5
751,default,181,5
752,default,116,5
753,default,167,5
754,default,39,5
755,default,129,5
756,default,27,5
757,default,33,5
758,default,56,5
759,default,93,5
760,default,98,5
761,default,115,5
762,default,158,5
763,default,131,5
764,default,51,5
765,default,199,5
766,default,102,5
767,default,48,5
768,default,17,5
769,default,71,5
770,default,108,5
771,default,42,5
772,default,175,5
773,default,78,5
774,default,147,5
775,default,165,5
776,default,26,5
777,default,37,5
778,default,118,5
779,default,27,5
780,default,190,5
781,default,28,5
782,default,61,5
783,default,4,5
784,default,117,5
785,default,47,5
786,default,68,5
787,default,7,5
788,default,121,5
789,default,169,5
790,default,135,5
791,default,115,5
792,default,90,5
793,default,67,5
794,default,30,5
795,default,140,5
796,default,21,5
797,default,90,5
798,default,110,5
799,default,54,5
800,default,38,5
801,default,101,5
802,default,128,5
803,default,110,5
804,default,130,5
805,default,85,5
806,default,13,5
807,default,112,5
808,default,69,5
809,default,94,5
810,default,25,5
811,default,12,5
812,default,166,5
813,default,97,5
814,default,187,5
815,default,108,5
816,default,49,5
817,default,75,5
818,default,48,5
819,default,103,5
820,default,45,5
821,default,152,5
822,default,70,5
823,default,135,5
824,default,155,5
825,default,126,5
826,default,132,5
827,default,110,5
828,default,27,5
829,default,174,5
830,default,12,5
831,default,165,5
832,default,63,5
833,default,28,5
834,default,56,5
835,default,29,5
836,default,13,5
837,default,9,5
838,default,147,5
839,default,68,5
840,default,61,5
841,default,16,5
842,default,136,5
843,default,25,5
844,default,70,5
845,default,57,5
846,default,158,5
847,default,179,5
848,default,183,5
849,default,103,5
850,default,100,5
851,default,100,5
852,default,25,5
853,default,56,5
854,default,187,5
855,default,177,5
856,default,68,5
857,default,126,5
858,default,52,5
859,default,43,5
860,default,52,5
861,default,88,5
862,default,163,5
863,default,73,5
864,default,180,5
865,default,152,5
866,default,73,5
867,default,187,5
868,default,0,5
869,default,24,5
870,default,47,5
871,default,128,5
872,default,179,5
873,default,159,5
874,default,122,5
875,default,189,5
876,default,78,5
877,default,176,5
878,default,61,5
879,default,43,5
880,default,80,5
881,default,174,5
882,default,17,5
883,default,42,5
884,default,47,5
885,default,85,5
886,default,116,5
887,default,36,5
888,default,3,5
889,default,170,5
890,default,121,5
891,default,109,5
892,default,85,5
893,default,5,5
894,default,45,5
895,default,67,5
896,default,19,5
897,default,43,5
898,default,173,5
899,default,194,5
900,default,2,5
901,default,152,5
902,default,90,5
903,default,121,5
904,default,149,5
905,default,0,5
906,default,125,5
907,default,63,5
908,default,120,5
909,default,28,5
910,default,11,5
911,default,4,5
912,default,145,5
913,default,174,5
914,default,74,5
915,default,58,5
916,default,134,5
917,default,128,5
918,default,42,5
919,default,193,5
920,default,37,5
921,default,198,5
922,default,24,5
923,default,25,5
924,default,77,5
925,default,188,5
926,default,85,5
927,default,115,5
928,default,125,5
929,default,188,5
930,default,89,5
931,default,139,5
932,default,65,5
933,default,169,5
934,default,124,5
935,default,64,5
936,default,93,5
937,default,117,5
938,default,3,5
939,default,90,5
940,default,77,5
941,default,181,5
942,default,85,5
943,default,132,5
944,default,198,5
945,default,169,5
946,default,152,5
947,default,123,5
948,default,28,5
949,default,69,5
950,default,175,5
951,default,132,5
952,default,186,5
953,default,163,5
954,default,5,5
955,default,37,5
956,default,105,5
957,default,56,5
958,default,168,5
959,default,36,5
960,default,91,5
961,default,127,5
962,default,7,5
963,default,62,5
964,default,147,5
965,default,189,5
966,default,178,5
967,default,110,5
968,default,92,5
969,default,52,5
970,default,190,5
971,default,22,5
972,default,49,5
973,default,96,5
974,default,163,5
975,default,27,5
976,default,70,5
977,default,160,5
978,default,173,5
979,default,139,5
980,default,115,5
981,default,134,5
982,default,44,5
983,default,67,5
984,default,173,5
985,default,89,5
986,default,84,5
987,default,100,5
988,default,150,5
989,default,106,5
990,default,70,5
991,default,79,5
992,default,48,5
993,default,10,5
994,default,148,5
995,default,133,5
996,default,179,5
997,default,87,5
998,default,156,5
999,default,31,5
1000,default,110,5
1001,default,116,5
1002,default,145,5
1003,default,88,5
1004,default,73,5
1005,default,28,5
1006,default,2,5
1007,default,127,5
1008,default,175,5
1009,default,37,5
1010,default,119,5
1011,default,174,5
1012,default,38,5
1013,default,133,5
1014,default,74,5
1015,default,159,5
1016,default,142,5
1017,default,170,5
1018,default,41,5
1019,default,77,5
1020,default,124,5
1021,default,73,5
1022,default,16,5
1023,default,75,5
1024,default,3,5
1025,default,116,5
1026,default,10,5
1027,default,55,5
1028,default,72,5
1029,default,151,5
1030,default,31,5
1031,default,13,5
1032,default,125,5
1033,default,78,5
1034,default,1,5
1035,default,110,5
1036,default,90,5
1037,default,169,5
1038,default,0,5
1039,default,12,5
1040,default,64,5
1041,default,35,5
1042,default,89,5
1043,default,72,5
1044,default,128,5
1045,default,170,5
1046,default,196,5
1047,default,143,5
1048,default,39,5
1049,default,22,5
1050,default,182,5
1051,default,69,5
1052,default,36,5
1053,default,187,5
1054,default,50,5
1055,default,110,5
1056,default,149,5
1057,default,20,5
1058,default,74,5
1059,default,56,5
1060,default,8,5
1061,default,121,5
1062,default,90,5
1063,default,63,5
1064,default,173,5
1065,default,163,5
1066,default,98,5
1067,default,108,5
1068,default,102,5
1069,default,25,5
1070,default,66,5
1071,default,77,5
1072,default,152,5
1073,default,79,5
1074,default,44,5
1075,default,144,5
1076,default,111,5
1077,default,173,5
1078,default,82,5
1079,default,148,5
1080,default,35,5
1081,default,174,5
1082,default,196,5
1083,default,51,5
1084,default,64,5
1085,default,34,5
1086,default,106,5
1087,default,141,5
1088,default,51,5
1089,default,77,5
1090,default,78,5
1091,default,21,5
1092,default,76,5
1093,default,145,5
1094,default,160,5
1095,default,118,5
1096,default,139,5
1097,default,46,5
1098,default,96,5
1099,default,200,5
1100,default,111,5
1101,default,24,5
1102,default,35,5
1103,default,134,5
1104,default,113,5
1105,default,177,5
1106,default,80,5
1107,default,128,5
1108,default,175,5
1109,default,182,5
1110,default,91,5
1111,default,119,5
1112,default,90,5
1113,default,109,5
1114,default,119,5
1115,default,107,5
1116,default,105,5
1117,default,118,5
1118,default,7,5
1119,default,143,5
1120,default,6,5
1121,default,196,5
1122,default,107,5
1123,default,22,5
1124,default,193,5
1125,default,35,5
1126,default,157,5
1127,default,77,5
1128,default,62,5
1129,default,148,5
1130,default,131,5
1131,default,95,5
1132,default,32,5
1133,default,158,5
1134,default,139,5
1135,default,144,5
1136,default,75,5
1137,default,13,5
1138,default,193,5
1139,default,100,5
1140,default,32,5
1141,default,103,5
1142,default,171,5
1143,default,1,5
1144,default,118,5
1145,default,195,5
1146,default,132,5
1147,default,117,5
1148,default,13,5
1149,default,21,5
1150,default,14,5
1151,default,69,5
1152,default,166,5
1153,default,27,5
1154,default,85,5
1155,default,152,5
1156,default,24,5
1157,default,74,5
1158,default,144,5
1159,default,123,5
1160,default,176,5
1161,default,84,5
1162,default,15,5
1163,default,31,5
1164,default,189,5
1165,default,149,5
1166,default,172,5
1167,default,130,5
1168,default,189,5
1169,default,183,5
1170,default,13,5
1171,default,179,5
1172,default,52,5
1173,default,132,5
1174,default,36,5
1175,default,143,5
1176,default,189,5
1177,default,126,5
1178,default,34,5
1179,default,57,5
1180,default,172,5
1181,default,163,5
1182,default,39,5
1183,default,77,5
1184,default,160,5
1185,default,79,5
1186,default,184,5
1187,default,1,5
1188,default,124,5
1189,default,159,5
1190,default,176,5
1191,default,51,5
1192,default,29,5
1193,default,17,5
1194,default,0,5
1195,default,39,5
1196,default,154,5
1197,default,30,5
1198,default,133,5
1199,default,24,5
1200,default,63,5
1201,default,52,5
1202,default,26,5
1203,default,121,5
1204,default,6,5
1205,default,129,5
1206,default,113,5
1207,default,100,5
1208,default,14,5
1209,default,31,5
1210,default,76,5
1211,default,103,5
1212,default,123,5
1213,default,47,5
1214,default,60,5
1215,default,139,5
1216,default,66,5
1217,default,156,5
1218,default,174,5
1219,default,112,5
1220,default,168,5
1221,default,157,5
1222,default,31,5
1223,default,110,5
1224,default,37,5
1225,default,162,5
1226,default,5,5
1227,default,47,5
1228,default,36,5
1229,default,190,5
1230,default,168,5
1231,default,61,5
1232,default,43,5
1233,default,130,5
1234,default,189,5
1235,default,179,5
1236,default,139,5
1237,default,51,5
1238,default,121,5
1239,default,122,5
1240,default,74,5
1241,default,74,5
1242,default,170,5
1243,default,25,5
1244,default,150,5
1245,default,126,5
1246,default,94,5
1247,default,170,5
1248,default,70,5
1249,default,100,5
1250,default,98,5
1251,default,178,5
1252,default,27,5
1253,default,118,5
1254,default,106,5
1255,default,108,5
1256,default,37,5
1257,default,7,5
1258,default,72,5
1259,default,117,5
1260,default,30,5
1261,default,144,5
1262,default,99,5
1263,default,2,5
1264,default,148,5
1265,default,77,5
1266,default,8,5
1267,default,165,5
1268,default,166,5
1269,default,168,5
1270,default,158,5
1271,default,113,5
1272,default,10,5
1273,default,90,5
1274,default,35,5
1275,default,119,5
1276,default,185,5
1277,default,117,5
1278,default,70,5
1279,default,2,5
1280,default,40,5
1281,default,91,5
1282,default,128,5
1283,default,128,5
1284,default,53,5
1285,default,89,5
1286,default,180,5
1287,default,134,5
1288,default,99,5
1289,default,131,5
1290,default,16,5
1291,default,44,5
1292,default,167,5
1293,default,38,5
1294,default,90,5
1295,default,167,5
1296,default,184,5
1297,default,144,5
1298,default,86,5
1299,default,117,5
1300,default,183,5
1301,default,35,5
1302,default,71,5
1303,default,200,5
1304,default,195,5
1305,default,168,5
1306,default,77,5
1307,default,100,5
1308,default,17,5
1309,default,165,5
1310,default,123,5
1311,default,96,5
1312,default,120,5
1313,default,155,5
1314,default,168,5
1315,default,46,5
1316,default,147,5
1317,default,181,5
1318,default,129,5
1319,default,198,5
1320,default,168,5
1321,default,134,5
1322,default,66,5
1323,default,33,5
1324,default,178,5
1325,default,82,5
1326,default,150,5
1327,default,148,5
1328,default,89,5
1329,default,149,5
1330,default,158,5
1331,default,103,5
1332,default,17,5
1333,default,11,5
1334,default,7,5
1335,default,187,5
1336,default,40,5
1337,default,59,5
1338,default,24,5
1339,default,170,5
1340,default,27,5
1341,default,127,5
1342,default,173,5
1343,default,121,5
1344,default,82,5
1345,default,194,5
1346,default,59,5
1347,default,197,5
1348,default,187,5
1349,default,60,5
1350,default,26,5
1351,default,44,5
1352,default,186,5
1353,default,98,5
1354,default,193,5
1355,default,107,5
1356,default,16,5
1357,default,15,5
1358,default,156,5
1359,default,64,5
1360,default,29,5
1361,default,9,5
1362,default,191,5
1363,default,18,5
1364,default,113,5
1365,default,195,5
1366,default,95,5
1367,default,155,5
1368,default,161,5
1369,default,7,5
1370,default,44,5
1371,default,82,5
1372,default,27,5
1373,default,178,5
1374,default,115,5
1375,default,96,5
1376,default,34,5
1377,default,163,5
1378,default,146,5
1379,default,142,5
1380,default,51,5
1381,default,50,5
1382,default,64,5
1383,default,125,5
1384,default,112,5
1385,default,173,5
1386,default,73,5
1387,default,57,5
1388,default,51,5
1389,default,189,5
1390,default,41,5
1391,default,111,5
1392,default,135,5
1393,default,49,5
1394,default,22,5
1395,default,149,5
1396,default,6,5
1397,default,161,5
1398,default,171,5
1399,default,24,5
1400,default,52,5
1401,default,8,5
1402,default,35,5
1403,default,1,5
1404,default,92,5
1405,default,198,5
1406,default,104,5
1407,default,145,5
1408,default,139,5
1409,default,18,5
1410,default,87,5
1411,default,47,5
1412,default,174,5
1413,default,186,5
1414,default,186,5
1415,default,164,5
1416,default,135,5
1417,default,127,5
1418,default,48,5
1419,default,53,5
1420,default,146,5
1421,default,121,5
1422,default,128,5
1423,default,90,5
1424,default,91,5
1425,default,158,5
1426,default,143,5
1427,default,35,5
1428,default,17,5
1429,default,112,5
1430,default,109,5
1431,default,160,5
1432,default,96,5
1433,default,18,5
1434,default,145,5
1435,default,20,5
1436,default,32,5
1437,default,200,5
1438,default,132,5
1439,default,76,5
1440,default,25,5
1441,default,30,5
1442,default,127,5
1443,default,59,5
1444,default,13,5
1445,default,153,5
1446,default,138,5
1447,default,84,5
1448,default,5,5
1449,default,57,5
1450,default,74,5
1451,default,64,5
1452,default,99,5
1453,default,180,5
1454,default,91,5
1455,default,17,5
1456,default,40,5
1457,default,73,5
1458,default,19,5
1459,default,136,5
1460,default,147,5
1461,default,61,5
1462,default,132,5
1463,default,156,5
1464,default,128,5
1465,default,79,5
1466,default,102,5
1467,default,158,5
1468,default,14,5
1469,default,139,5
1470,default,178,5
1471,default,28,5
1472,default,149,5
1473,default,120,5
1474,default,67,5
1475,default,167,5
1476,default,7,5
1477,default,8,5
1478,default,86,5
1479,default,107,5
1480,default,66,5
1481,default,51,5
1482,default,85,5
1483,default,195,5
1484,default,15,5
1485,default,35,5
1486,default,52,5
1487,default,140,5
1488,default,187,5
1489,default,84,5
1490,default,193,5
1491,default,169,5
1492,default,15,5
1493,default,60,5
1494,default,126,5
1495,default,18,5
1496,default,144,5
1497,default,156,5
1498,default,179,5
1499,default,195,5
1500,default,9,5
1501,default,88,5
1502,default,18,5
1503,default,106,5
1504,default,153,5
1505,default,189,5
1506,default,156,5
1507,default,20,5
1508,default,141,5
1509,default,122,5
1510,default,33,5
1511,default,69,5
1512,default,185,5
1513,default,10,5
1514,default,26,5
1515,default,9,5
1516,default,127,5
1517,default,129,5
1518,default,57,5
1519,default,166,5
1520,default,89,5
1521,default,110,5
1522,default,122,5
1523,default,77,5
1524,default,200,5
1525,default,58,5
1526,default,5,5
1527,default,14,5
1528,default,6,5
1529,default,198,5
1530,default,200,5
1531,default,50,5
1532,default,136,5
1533,default,155,5
1534,default,97,5
1535,default,174,5
1536,default,175,5
1537,default,188,5
1538,default,4,5
1539,default,141,5
1540,default,123,5
1541,default,13,5
1542,default,99,5
1543,default,196,5
1544,default,96,5
1545,default,178,5
1546,default,32,5
1547,default,110,5
1548,default,179,5
1549,default,109,5
1550,default,140,5
1551,default,35,5
1552,default,29,5
1553,default,112,5
1554,default,30,5
1555,default,157,5
1556,default,94,5
1557,default,90,5
1558,default,49,5
1559,default,87,5
1560,default,111,5
1561,default,14,5
1562,default,60,5
1563,default,59,5
1564,default,23,5
1565,default,150,5
1566,default,2,5
1567,default,58,5
1568,default,105,5
1569,default,191,5
1570,default,192,5
1571,default,137,5
1572,default,145,5
1573,default,11,5
1574,default,3,5
1575,default,184,5
1576,default,63,5
1577,default,14,5
1578,default,19,5
1579,default,14,5
1580,default,32,5
1581,default,112,5
1582,default,46,5
1583,default,72,5
1584,default,11,5
1585,default,80,5
1586,default,89,5
1587,default,154,5
1588,default,167,5
1589,default,62,5
1590,default,74,5
1591,default,33,5
1592,default,155,5
1593,default,101,5
1594,default,122,5
1595,default,168,5
1596,default,31,5
1597,default,168,5
1598,default,19,5
1599,default,19,5
1600,default,64,5
1601,default,139,5
1602,default,52,5
1603,default,126,5
1604,default,180,5
1605,default,188,5
1606,default,91,5
1607,default,56,5
1608,default,113,5
1609,default,182,5
1610,default,77,5
1611,default,93,5
1612,default,199,5
1613,default,141,5
1614,default,74,5
1615,default,167,5
1616,default,62,5
1617,default,134,5
1618,default,68,5
1619,default,81,5
1620,default,178,5
1621,default,138,5
1622,default,128,5
1623,default,26,5
1624,default,13,5
1625,default,88,5
1626,default,105,5
1627,default,180,5
1628,default,159,5
1629,default,124,5
1630,default,71,5
1631,default,20,5
1632,default,52,5
1633,default,35,5
1634,default,133,5
1635,default,59,5
1636,default,78,5
1637,default,189,5
1638,default,141,5
1639,default,53,5
1640,default,31,5
1641,default,95,5
1642,default,185,5
1643,default,36,5
1644,default,9,5
1645,default,60,5
1646,default,178,5
1647,default,112,5
1648,default,166,5
1649,default,195,5
1650,default,116,5
1651,default,29,5
1652,default,5,5
1653,default,127,5
1654,default,8,5
1655,default,69,5
1656,default,71,5
1657,default,150,5
1658,default,98,5
1659,default,76,5
1660,default,21,5
1661,default,15,5
1662,default,71,5
1663,default,156,5
1664,default,98,5
1665,default,126,5
1666,default,4,5
1667,default,97,5
1668,default,98,5
1669,default,113,5
1670,default,11,5
1671,default,57,5
1672,default,52,5
1673,default,97,5
1674,default,47,5
1675,default,168,5
1676,default,110,5
1677,default,136,5
1678,default,13,5
1679,default,169,5
1680,default,78,5
1681,default,8,5
1682,default,138,5
1683,default,195,5
1684,default,89,5
1685,default,6,5
1686,default,155,5
1687,default,193,5
1688,default,86,5
1689,default,67,5
1690,default,192,5
1691,default,151,5
1692,default,55,5
1693,default,193,5
1694,default,7,5
1695,default,87,5
1696,default,185,5
1697,default,159,5
1698,default,111,5
1699,default,109,5
1700,default,200,5
1701,default,186,5
1702,default,188,5
1703,default,192,5
1704,default,14,5
1705,default,27,5
1706,default,141,5
1707,default,99,5
1708,default,184,5
1709,default,173,5
1710,default,73,5
1711,default,136,5
1712,default,118,5
1713,default,108,5
1714,default,146,5
1715,default,184,5
1716,default,145,5
1717,default,196,5
1718,default,132,5
1719,default,66,5
1720,default,41,5
1721,default,97,5
1722,default,119,5
1723,default,190,5
1724,default,60,5
1725,default,33,5
1726,default,3,5
1727,default,71,5
1728,default,174,5
1729,default,70,5
1730,default,21,5
1731,default,63,5
1732,default,197,5
1733,default,138,5
1734,default,75,5
1735,default,86,5
1736,default,146,5
1737,default,101,5
1738,default,9,5
1739,default,157,5
1740,default,70,5
1741,default,92,5
1742,default,68,5
1743,default,168,5
1744,default,64,5
1745,default,200,5
1746,default,167,5
1747,default,197,5
1748,default,155,5
1749,default,3,5
1750,default,31,5
1751,default,78,5
1752,default,145,5
1753,default,169,5
1754,default,82,5
1755,default,67,5
1756,default,45,5
1757,default,113,5
1758,default,118,5
1759,default,4,5
1760,default,112,5
1761,default,2,5
1762,default,119,5
1763,default,9,5
1764,default,91,5
1765,default,122,5
1766,default,163,5
1767,default,142,5
1768,default,55,5
1769,default,104,5
1770,default,14,5
1771,default,148,5
1772,default,20,5
1773,default,70,5
1774,default,156,5
1775,default,141,5
1776,default,80,5
1777,default,16,5
1778,default,112,5
1779,default,46,5
1780,default,66,5
1781,default,196,5
1782,default,70,5
1783,default,66,5
1784,default,126,5
1785,default,32,5
1786,default,58,5
1787,default,161,5
1788,default,44,5
1789,default,37,5
1790,default,158,5
1791,default,167,5
1792,default,12,5
1793,default,59,5
1794,default,29,5
1795,default,167,5
1796,default,9,5
1797,default,47,5
1798,default,175,5
1799,default,129,5
1800,default,112,5
1801,default,148,5
1802,default,81,5
1803,default,10,5
1804,default,141,5
1805,default,183,5
1806,default,58,5
1807,default,15,5
1808,default,182,5
1809,default,66,5
1810,default,65,5
1811,default,4,5
1812,default,173,5
1813,default,90,5
1814,default,138,5
1815,default,183,5
1816,default,11,5
1817,default,153,5
1818,default,60,5
1819,default,89,5
1820,default,27,5
1821,default,19,5
1822,default,129,5
1823,default,113,5
1824,default,28,5
1825,default,130,5
1826,default,19,5
1827,default,60,5
1828,default,52,5
1829,default,83,5
1830,default,146,5
1831,default,95,5
1832,default,174,5
1833,default,106,5
1834,default,18,5
1835,default,164,5
1836,default,109,5
1837,default,72,5
1838,default,36,5
1839,default,6,5
1840,default,83,5
1841,default,155,5
1842,default,92,5
1843,default,85,5
1844,default,104,5
1845,default,166,5
1846,default,95,5
1847,default,120,5
1848,default,75,5
1849,default,159,5
1850,default,7,5
1851,default,41,5
1852,default,94,5
1853,default,11,5
1854,default,74,5
1855,default,38,5
1856,default,151,5
1857,default,6,5
1858,default,27,5
1859,default,155,5
1860,default,54,5
1861,default,80,5
1862,default,130,5
1863,default,183,5
1864,default,199,5
1865,default,189,5
1866,default,130,5
1867,default,200,5
1868,default,148,5
1869,default,182,5
1870,default,88,5
1871,default,55,5
1872,default,96,5
1873,default,149,5
1874,default,8,5
1875,default,168,5
1876,default,185,5
1877,default,38,5
1878,default,97,5
1879,default,195,5
1880,default,166,5
1881,default,20,5
1882,default,19,5
1883,default,57,5
1884,default,144,5
1885,default,128,5
1886,default,147,5
1887,default,161,5
1888,default,140,5
1889,default,187,5
1890,default,107,5
1891,default,137,5
1892,default,187,5
1893,default,31,5
1894,default,135,5
1895,default,13,5
1896,default,155,5
1897,default,120,5
1898,default,168,5
1899,default,134,5
1900,default,133,5
1901,default,112,5
1902,default,81,5
1903,default,68,5
1904,default,49,5
1905,default,147,5
1906,default,75,5
1907,default,62,5
1908,default,84,5
1909,default,62,5
1910,default,196,5
1911,default,92,5
1912,default,59,5
1913,default,116,5
1914,default,80,5
1915,default,191,5
1916,default,29,5
1917,default,177,5
1918,default,61,5
1919,default,113,5
1920,default,187,5
1921,default,104,5
1922,default,92,5
1923,default,20,5
1924,default,90,5
1925,default,143,5
1926,default,129,5
1927,default,19,5
1928,default,92,5
1929,default,167,5
1930,default,123,5
1931,default,154,5
1932,default,58,5
1933,default,114,5
1934,default,107,5
1935,default,58,5
1936,default,145,5
1937,default,32,5
1938,default,137,5
1939,default,62,5
1940,default,198,5
1941,default,104,5
1942,default,172,5
1943,default,149,5
1944,default,170,5
1945,default,35,5
1946,default,155,5
1947,default,66,5
1948,default,73,5
1949,default,87,5
1950,default,80,5
1951,default,30,5
1952,default,20,5
1953,default,104,5
1954,default,107,5
1955,default,129,5
1956,default,37,5
1957,default,147,5
1958,default,126,5
1959,default,161,5
1960,default,197,5
1961,default,50,5
1962,default,46,5
1963,default,116,5
1964,default,3,5
1965,default,42,5
1966,default,30,5
1967,default,107,5
1968,default,67,5
1969,default,195,5
1970,default,141,5
1971,default,182,5
1972,default,120,5
1973,default,190,5
1974,default,25,5
1975,default,32,5
1976,default,8,5
1977,default,110,5
1978,default,6,5
1979,default,176,5
1980,default,42,5
1981,default,18,5
1982,default,33,5
1983,default,131,5
1984,default,135,5
1985,default,99,5
1986,default,108,5
1987,default,90,5
1988,default,32,5
1989,default,102,5
1990,default,178,5
1991,default,142,5
1992,default,61,5
1993,default,182,5
1994,default,75,5
1995,default,30,5
1996,default,86,5
1997,default,86,5
1998,default,151,5
1999,default,155,5
2000,default,157,5
2001,default,27,5
2002,default,184,5
2003,default,11,5
2004,default,18,5
2005,default,189,5
2006,default,90,5
2007,default,114,5
2008,default,104,5
2009,default,161,5
2010,default,115,5
2011,default,189,5
2012,default,111,5
2013,default,74,5
2014,default,193,5
2015,default,122,5
2016,default,179,5
2017,default,34,5
2018,default,187,5
2019,default,46,5
2020,default,185,5
2021,default,196,5
2022,default,150,5
2023,default,130,5
2024,default,21,5
2025,default,38,5
2026,default,1,5
2027,default,151,5
2028,default,151,5
2029,default,94,5
2030,default,172,5
2031,default,166,5
2032,default,116,5
2033,default,97,5
2034,default,82,5
2035,default,112,5
2036,default,45,5
2037,default,130,5
2038,default,184,5
2039,default,150,5
2040,default,71,5
2041,default,197,5
2042,default,24,5
2043,default,59,5
2044,default,76,5
2045,default,126,5
2046,default,87,5
2047,default,12,5
2048,default,144,5
2049,default,132,5
2050,default,134,5
2051,default,148,5
2052,default,130,5
2053,default,109,5
2054,default,73,5
2055,default,82,5
2056,default,98,5
2057,default,81,5
2058,default,193,5
2059,default,45,5
2060,default,36,5
2061,default,10,5
2062,default,188,5
2063,default,187,5
2064,default,53,5
2065,default,110,5
2066,default,132,5
2067,default,71,5
2068,default,147,5
2069,default,157,5
2070,default,80,5
2071,default,25,5
2072,default,88,5
2073,default,72,5
2074,default,42,5
2075,default,30,5
2076,default,73,5
2077,default,70,5
2078,default,124,5
2079,default,112,5
2080,default,57,5
2081,default,43,5
2082,default,73,5
2083,default,66,5
2084,default,155,5
2085,default,192,5
2086,default,27,5
2087,default,59,5
2088,default,170,5
2089,default,71,5
2090,default,36,5
2091,default,24,5
2092,default,52,5
2093,default,141,5
2094,default,130,5
2095,default,193,5
2096,default,43,5
2097,default,7,5
2098,default,153,5
2099,default,10,5
2100,default,138,5
2101,default,137,5
2102,default,49,5
2103,default,1,5
2104,default,125,5
2105,default,6,5
2106,default,94,5
2107,default,52,5
2108,default,72,5
2109,default,146,5
2110,default,109,5
2111,default,187,5
2112,default,113,5
2113,default,133,5
2114,default,32,5
2115,default,116,5
2116,default,75,5
2117,default,28,5
2118,default,183,5
2119,default,180,5
2120,default,30,5
2121,default,113,5
2122,default,110,5
2123,default,126,5
2124,default,67,5
2125,default,22,5
2126,default,35,5
2127,default,71,5
2128,default,187,5
2129,default,171,5
2130,default,29,5
2131,default,90,5
2132,default,20,5
2133,default,190,5
2134,default,56,5
2135,default,186,5
2136,default,19,5
2137,default,83,5
2138,default,40,5
2139,default,129,5
2140,default,85,5
2141,default,70,5
2142,default,116,5
2143,default,161,5
2144,default,188,5
2145,default,131,5
2146,default,172,5
2147,default,198,5
2148,default,18,5
2149,default,180,5
2150,default,176,5
2151,default,80,5
2152,default,9,5
2153,default,110,5
2154,default,25,5
2155,default,180,5
2156,default,133,5
2157,default,81,5
2158,default,48,5
2159,default,142,5
2160,default,169,5
2161,default,160,5
2162,default,9,5
2163,default,162,5
2164,default,160,5
2165,default,2,5
2166,default,62,5
2167,default,35,5
2168,default,150,5
2169,default,96,5
2170,default,56,5
2171,default,172,5
2172,default,50,5
2173,default,67,5
2174,default,120,5
2175,default,38,5
2176,default,124,5
2177,default,47,5
2178,default,187,5
2179,default,127,5
2180,default,72,5
2181,default,33,5
2182,default,50,5
2183,default,162,5
2184,default,22,5
2185,default,132,5
2186,default,185,5
2187,default,191,5
2188,default,54,5
2189,default,0,5
2190,default,111,5
2191,default,17,5
2192,default,125,5
2193,default,142,5
2194,default,156,5
2195,default,53,5
2196,default,181,5
2197,default,45,5
2198,default,9,5
2199,default,107,5
2200,default,176,5
2201,default,67,5
2202,default,157,5
2203,default,97,5
2204,default,161,5
2205,default,149,5
2206,default,60,5
2207,default,163,5
2208,default,89,5
2209,default,123,5
2210,default,135,5
2211,default,168,5
2212,default,46,5
2213,default,76,5
2214,default,59,5
2215,default,74,5
2216,default,171,5
2217,default,124,5
2218,default,125,5
2219,default,161,5
2220,default,100,5
2221,default,153,5
2222,default,91,5
2223,default,139,5
2224,default,123,5
2225,default,75,5
2226,default,24,5
2227,default,56,5
2228,default,28,5
2229,default,193,5
2230,default,195,5
2231,default,73,5
2232,default,107,5
2233,default,114,5
2234,default,83,5
2235,default,63,5
2236,default,169,5
2237,default,108,5
2238,default,29,5
2239,default,45,5
2240,default,118,5
2241,default,81,5
2242,default,169,5
2243,default,29,5
2244,default,88,5
2245,default,178,5
2246,default,101,5
2247,default,180,5
2248,default,32,5
2249,default,198,5
2250,default,123,5
2251,default,125,5
2252,default,153,5
2253,default,105,5
2254,default,175,5
2255,default,60,5
2256,default,7,5
2257,default,74,5
2258,default,68,5
2259,default,129,5
2260,default,55,5
2261,default,200,5
2262,default,104,5
2263,default,15,5
2264,default,143,5
2265,default,197,5
2266,default,82,5
2267,default,66,5
2268,default,172,5
2269,default,81,5
2270,default,105,5
2271,default,100,5
2272,default,113,5
2273,default,108,5
2274,default,102,5
2275,default,66,5
2276,default,13,5
2277,default,68,5
2278,default,124,5
2279,default,186,5
2280,default,56,5
2281,default,86,5
2282,default,162,5
2283,default,11,5
2284,default,78,5
2285,default,114,5
2286,default,104,5
2287,default,56,5
2288,default,146,5
2289,default,42,5
2290,default,137,5
2291,default,52,5
2292,default,199,5
2293,default,160,5
2294,default,28,5
2295,default,157,5
2296,default,156,5
2297,default,84,5
2298,default,33,5
2299,default,154,5
2300,default,138,5
2301,default,5,5
2302,default,184,5
2303,default,5,5
2304,default,97,5
2305,default,23,5
2306,default,199,5
2307,default,180,5
2308,default,85,5
2309,default,90,5
2310,default,196,5
2311,default,196,5
2312,default,141,5
2313,default,16,5
2314,default,167,5
2315,default,12,5
2316,default,132,5
2317,default,53,5
2318,default,92,5
2319,default,137,5
2320,default,50,5
2321,default,40,5
2322,default,137,5
2323,default,101,5
2324,default,183,5
2325,default,58,5
2326,default,74,5
2327,default,41,5
2328,default,95,5
2329,default,84,5
2330,default,105,5
2331,default,55,5
2332,default,141,5
2333,default,187,5
2334,default,63,5
2335,default,3,5
2336,default,9,5
2337,default,5,5
2338,default,193,5
2339,default,134,5
2340,default,26,5
2341,default,128,5
2342,default,101,5
2343,default,124,5
2344,default,10,5
2345,default,40,5
2346,default,72,5
2347,default,77,5
2348,default,6,5
2349,default,58,5
2350,default,161,5
2351,default,197,5
2352,default,176,5
2353,default,63,5
2354,default,8,5
2355,default,69,5
2356,default,191,5
2357,default,31,5
2358,default,200,5
2359,default,96,5
2360,default,167,5
2361,default,102,5
2362,default,33,5
2363,default,189,5
2364,default,69,5
2365,default,21,5
2366,default,19,5
2367,default,18,5
2368,default,129,5
2369,default,184,5
2370,default,180,5
2371,default,195,5
2372,default,187,5
2373,default,106,5
2374,default,5,5
2375,default,3,5
2376,default,190,5
2377,default,138,5
2378,default,154,5
2379,default,38,5
2380,default,24,5
2381,default,188,5
2382,default,150,5
2383,default,100,5
2384,default,49,5
2385,default,155,5
2386,default,79,5
2387,default,200,5
2388,default,82,5
2389,default,108,5
2390,default,131,5
2391,default,190,5
2392,default,5,5
2393,default,77,5
2394,default,70,5
2395,default,117,5
2396,default,51,5
2397,default,25,5
2398,default,67,5
2399,default,167,5
2400,default,147,5
2401,default,120,5
2402,default,96,5
2403,default,74,5
2404,default,109,5
2405,default,23,5
2406,default,56,5
2407,default,104,5
2408,default,143,5
2409,default,71,5
2410,default,123,5
2411,default,72,5
2412,default,179,5
2413,default,136,5
2414,default,129,5
2415,default,62,5
2416,default,97,5
2417,default,4,5
2418,default,127,5
2419,default,186,5
2420,default,100,5
2421,default,95,5
2422,default,195,5
2423,default,139,5
2424,default,182,5
2425,default,27,5
2426,default,115,5
2427,default,57,5
2428,default,147,5
2429,default,6,5
2430,default,101,5
2431,default,197,5
2432,default,59,5
2433,default,114,5
2434,default,94,5
2435,default,122,5
2436,default,144,5
2437,default,27,5
2438,default,164,5
2439,default,79,5
2440,default,85,5
2441,default,36,5
2442,default,161,5
2443,default,21,5
2444,default,24,5
2445,default,143,5
2446,default,43,5
2447,default,53,5
2448,default,125,5
2449,default,151,5
2450,default,63,5
2451,default,21,5
2452,default,36,5
2453,default,103,5
2454,default,157,5
2455,default,121,5
2456,default,133,5
2457,default,185,5
2458,default,145,5
2459,default,194,5
2460,default,59,5
2461,default,15,5
2462,default,196,5
2463,default,126,5
2464,default,64,5
2465,default,105,5
2466,default,79,5
2467,default,189,5
2468,default,86,5
2469,default,38,5
2470,default,9,5
2471,default,82,5
2472,default,176,5
2473,default,144,5
2474,default,153,5
2475,default,104,5
2476,default,1,5
2477,default,68,5
2478,default,176,5
2479,default,53,5
2480,default,193,5
2481,default,143,5
2482,default,125,5
2483,default,139,5
2484,default,127,5
2485,default,80,5
2486,default,166,5
2487,default,60,5
2488,default,82,5
2489,default,118,5
2490,default,181,5
2491,default,123,5
2492,default,131,5
2493,default,142,5
2494,default,189,5
2495,default,187,5
2496,default,20,5
2497,default,26,5
2498,default,108,5
2499,default,179,5
2500,default,19,5
2501,default,96,5
2502,default,32,5
2503,default,193,5
2504,default,3,5
2505,default,41,5
2506,default,133,5
2507,default,191,5
2508,default,31,5
2509,default,42,5
2510,default,50,5
2511,default,112,5
2512,default,29,5
2513,default,9,5
2514,default,108,5
2515,default,126,5
2516,default,43,5
2517,default,160,5
2518,default,134,5
2519,default,124,5
2520,default,35,5
2521,default,191,5
2522,default,140,5
2523,default,107,5
2524,default,102,5
2525,default,2,5
2526,default,75,5
2527,default,30,5
2528,default,111,5
2529,default,75,5
2530,default,184,5
2531,default,173,5
2532,default,69,5
2533,default,133,5
2534,default,82,5
2535,default,157,5
2536,default,95,5
2537,default,144,5
2538,default,166,5
2539,default,42,5
2540,default,36,5
2541,default,74,5
2542,default,133,5
2543,default,175,5
2544,default,52,5
2545,default,157,5
2546,default,182,5
2547,default,95,5
2548,default,132,5
2549,default,154,5
2550,default,64,5
2551,default,120,5
2552,default,118,5
2553,default,53,5
2554,default,84,5
2555,default,191,5
2556,default,184,5
2557,default,34,5
2558,default,42,5
2559,default,134,5
2560,default,183,5
2561,default,121,5
2562,default,2,5
2563,default,81,5
2564,default,106,5
2565,default,45,5
2566,default,38,5
2567,default,120,5
2568,default,17,5
2569,default,1,5
2570,default,79,5
2571,default,179,5
2572,default,48,5
2573,default,51,5
2574,default,177,5
2575,default,24,5
2576,default,137,5
2577,default,117,5
2578,default,84,5
2579,default,24,5
2580,default,15,5
2581,default,159,5
2582,default,119,5
2583,default,152,5
2584,default,40,5
2585,default,17,5
2586,default,89,5
2587,default,162,5
2588,default,143,5
2589,default,57,5
2590,default,88,5
2591,default,160,5
2592,default,3,5
2593,default,49,5
2594,default,70,5
2595,default,72,5
2596,default,109,5
2597,default,149,5
2598,default,186,5
2599,default,78,5
2600,default,94,5
2601,default,159,5
2602,default,196,5
2603,default,103,5
2604,default,65,5
2605,default,143,5
2606,default,138,5
2607,default,164,5
2608,default,168,5
2609,default,51,5
2610,default,19,5
2611,default,151,5
2612,default,39,5
2613,default,26,5
2614,default,187,5
2615,default,55,5
2616,default,71,5
2617,default,45,5
2618,default,67,5
2619,default,144,5
2620,default,26,5
2621,default,32,5
2622,default,133,5
2623,default,150,5
2624,default,165,5
2625,default,196,5
2626,default,98,5
2627,default,84,5
2628,default,147,5
2629,default,197,5
2630,default,151,5
2631,default,154,5
2632,default,70,5
2633,default,188,5
2634,default,157,5
2635,default,171,5
2636,default,121,5
2637,default,53,5
2638,default,43,5
2639,default,0,5
2640,default,200,5
2641,default,59,5
2642,default,55,5
2643,default,23,5
2644,default,157,5
2645,default,37,5
2646,default,36,5
2647,default,42,5
2648,default,121,5
2649,default,0,5
2650,default,82,5
2651,default,19,5
2652,default,13,5
2653,default,35,5
2654,default,130,5
2655,default,112,5
2656,default,108,5
2657,default,170,5
2658,default,120,5
2659,default,83,5
2660,default,77,5
2661,default,128,5
2662,default,194,5
2663,default,30,5
2664,default,61,5
2665,default,143,5
2666,default,100,5
2667,default,96,5
2668,default,198,5
2669,default,98,5
2670,default,180,5
2671,default,121,5
2672,default,90,5
2673,default,79,5
2674,default,133,5
2675,default,81,5
2676,default,135,5
2677,default,20,5
2678,default,154,5
2679,default,54,5
2680,default,42,5
2681,default,162,5
2682,default,71,5
2683,default,182,5
2684,default,36,5
2685,default,111,5
2686,default,143,5
2687,default,113,5
2688,default,125,5
2689,default,177,5
2690,default,64,5
2691,default,175,5
2692,default,30,5
2693,default,142,5
2694,default,111,5
2695,default,166,5
2696,default,89,5
2697,default,45,5
2698,default,6,5
2699,default,93,5
2700,default,119,5
2701,default,197,5
2702,default,171,5
2703,default,88,5
2704,default,186,5
2705,default,108,5
2706,default,54,5
2707,default,157,5
2708,default,143,5
2709,default,48,5
2710,default,97,5
2711,default,95,5
2712,default,45,5
2713,default,191,5
2714,default,2,5
2715,default,50,5
2716,default,113,5
2717,default,92,5
2718,default,134,5
2719,default,49,5
2720,default,1,5
2721,default,150,5
2722,default,79,5
2723,default,84,5
2724,default,24,5
2725,default,94,5
2726,default,64,5
2727,default,128,5
2728,default,3,5
2729,default,155,5
2730,default,69,5
2731,default,8,5
2732,default,165,5
2733,default,70,5
2734,default,164,5
2735,default,122,5
2736,default,101,5
2737,default,11,5
2738,default,178,5
2739,default,180,5
2740,default,64,5
2741,default,70,5
2742,default,160,5
2743,default,14,5
2744,default,146,5
2745,default,7,5
2746,default,183,5
2747,default,120,5
2748,default,155,5
2749,default,161,5
2750,default,116,5
2751,default,125,5
2752,default,44,5
2753,default,121,5
2754,default,191,5
2755,default,165,5
2756,default,192,5
2757,default,139,5
2758,default,26,5
2759,default,9,5
2760,default,94,5
2761,default,7,5
2762,default,156,5
2763,default,182,5
2764,default,39,5
2765,default,180,5
2766,default,188,5
2767,default,45,5
2768,default,33,5
2769,default,21,5
2770,default,107,5
2771,default,30,5
2772,default,14,5
2773,default,113,5
2774,default,163,5
2775,default,181,5
2776,default,15,5
2777,default,80,5
2778,default,24,5
2779,default,139,5
2780,default,71,5
2781,default,49,5
2782,default,167,5
2783,default,157,5
2784,default,188,5
2785,default,4,5
2786,default,85,5
2787,default,172,5
2788,default,81,5
2789,default,181,5
2790,default,43,5
2791,default,150,5
2792,default,184,5
2793,default,93,5
2794,default,132,5
2795,default,3,5
2796,default,170,5
2797,default,103,5
2798,default,106,5
2799,default,170,5
2800,default,171,5
2801,default,15,5
2802,default,16,5
2803,default,49,5
2804,default,194,5
2805,default,128,5
2806,default,37,5
2807,default,186,5
2808,default,68,5
2809,default,21,5
2810,default,44,5
2811,default,113,5
2812,default,11,5
2813,default,70,5
2814,default,155,5
2815,default,50,5
2816,default,176,5
2817,default,129,5
2818,default,104,5
2819,default,44,5
2820,default,162,5
2821,default,191,5
2822,default,0,5
2823,default,79,5
2824,default,70,5
2825,default,143,5
2826,default,89,5
2827,default,30,5
2828,default,87,5
2829,default,119,5
2830,default,145,5
2831,default,178,5
2832,default,22,5
2833,default,144,5
2834,default,118,5
2835,default,22,5
2836,default,29,5
2837,default,23,5
2838,default,46,5
2839,default,186,5
2840,default,22,5
2841,default,47,5
2842,default,81,5
2843,default,151,5
2844,default,160,5
2845,default,5,5
2846,default,196,5
2847,default,43,5
2848,default,2,5
2849,default,55,5
2850,default,163,5
2851,default,95,5
2852,default,117,5
2853,default,20,5
2854,default,185,5
2855,default,63,5
2856,default,78,5
2857,default,174,5
2858,default,164,5
2859,default,48,5
2860,default,191,5
2861,default,193,5
2862,default,188,5
2863,default,33,5
2864,default,79,5
2865,default,13,5
2866,default,97,5
2867,default,180,5
2868,default,73,5
2869,default,45,5
2870,default,71,5
2871,default,35,5
2872,default,144,5
2873,default,80,5
2874,default,105,5
2875,default,57,5
2876,default,48,5
2877,default,69,5
2878,default,51,5
2879,default,45,5
2880,default,75,5
2881,default,66,5
2882,default,178,5
2883,default,112,5
2884,default,67,5
2885,default,23,5
2886,default,125,5
2887,default,90,5
2888,default,148,5
2889,default,93,5
2890,default,89,5
2891,default,197,5
2892,default,164,5
2893,default,133,5
2894,default,115,5
2895,default,161,5
2896,default,175,5
2897,default,43,5
2898,default,9,5
2899,default,149,5
2900,default,98,5
2901,default,39,5
2902,default,137,5
2903,default,145,5
2904,default,53,5
2905,default,179,5
2906,default,111,5
2907,default,88,5
2908,default,165,5
2909,default,174,5
2910,default,73,5
2911,default,53,5
2912,default,87,5
2913,default,179,5
2914,default,128,5
2915,default,141,5
2916,default,190,5
2917,default,68,5
2918,default,23,5
2919,default,131,5
2920,default,197,5
2921,default,53,5
2922,default,66,5
2923,default,55,5
2924,default,119,5
2925,default,66,5
2926,default,8,5
2927,default,29,5
2928,default,132,5
2929,default,168,5
2930,default,161,5
2931,default,47,5
2932,default,121,5
2933,default,35,5
2934,default,119,5
2935,default,150,5
2936,default,82,5
2937,default,95,5
2938,default,144,5
2939,default,96,5
2940,default,168,5
2941,default,150,5
2942,default,8,5
2943,default,82,5
2944,default,179,5
2945,default,26,5
2946,default,161,5
2947,default,91,5
2948,default,2,5
2949,default,40,5
2950,default,107,5
2951,default,121,5
2952,default,85,5
2953,default,86,5
2954,default,165,5
2955,default,25,5
2956,default,47,5
2957,default,91,5
2958,default,78,5
2959,default,41,5
2960,default,119,5
2961,default,139,5
2962,default,47,5
2963,default,192,5
2964,default,5,5
2965,default,112,5
2966,default,157,5
2967,default,116,5
2968,default,151,5
2969,default,147,5
2970,default,177,5
2971,default,111,5
2972,default,187,5
2973,default,102,5
2974,default,121,5
2975,default,62,5
2976,default,64,5
2977,default,185,5
2978,default,95,5
2979,default,153,5
2980,default,86,5
2981,default,123,5
2982,default,173,5
2983,default,102,5
2984,default,76,5
2985,default,10,5
2986,default,59,5
2987,default,195,5
2988,default,129,5
2989,default,27,5
2990,default,107,5
2991,default,109,5
2992,default,198,5
2993,default,68,5
2994,default,147,5
2995,default,102,5
2996,default,151,5
2997,default,7,5
2998,default,41,5
2999,default,131,5
3000,default,42,5
3001,default,76,5
3002,default,152,5
3003,default,178,5
3004,default,134,5
3005,default,50,5
3006,default,145,5
3007,default,192,5
3008,default,35,5
3009,default,33,5
3010,default,169,5
3011,default,85,5
3012,default,13,5
3013,default,23,5
3014,default,79,5
3015,default,196,5
3016,default,36,5
3017,default,88,5
3018,default,117,5
3019,default,101,5
3020,default,42,5
3021,default,117,5
3022,default,0,5
3023,default,168,5
3024,default,37,5
3025,default,51,5
3026,default,44,5
3027,default,77,5
3028,default,78,5
3029,default,20,5
3030,default,47,5
3031,default,60,5
3032,default,52,5
3033,default,111,5
3034,default,23,5
3035,default,185,5
3036,default,62,5
3037,default,39,5
3038,default,175,5
3039,default,142,5
3040,default,198,5
3041,default,95,5
3042,default,1,5
3043,default,122,5
3044,default,40,5
3045,default,88,5
3046,default,25,5
3047,default,120,5
3048,default,140,5
3049,default,175,5
3050,default,100,5
3051,default,178,5
3052,default,54,5
3053,default,120,5
3054,default,171,5
3055,default,96,5
3056,default,118,5
3057,default,180,5
3058,default,62,5
3059,default,195,5
3060,default,24,5
3061,default,99,5
3062,default,32,5
3063,default,81,5
3064,default,195,5
3065,default,34,5
3066,default,102,5
3067,default,197,5
3068,default,83,5
3069,default,72,5
3070,default,172,5
3071,default,186,5
3072,default,108,5
3073,default,152,5
3074,default,100,5
3075,default,136,5
3076,default,18,5
3077,default,88,5
3078,default,125,5
3079,default,171,5
3080,default,189,5
3081,default,150,5
3082,default,6,5
3083,default,56,5
3084,default,155,5
3085,default,45,5
3086,default,196,5
3087,default,60,5
3088,default,94,5
3089,default,92,5
3090,default,87,5
3091,default,128,5
3092,default,0,5
3093,default,156,5
3094,default,153,5
3095,default,192,5
3096,default,101,5
3097,default,19,5
3098,default,165,5
3099,default,58,5
3100,default,35,5
3101,default,127,5
3102,default,48,5
3103,default,11,5
3104,default,54,5
3105,default,77,5
3106,default,111,5
3107,default,23,5
3108,default,86,5
3109,default,98,5
3110,default,167,5
3111,default,46,5
3112,default,108,5
3113,default,38,5
3114,default,72,5
3115,default,79,5
3116,default,99,5
3117,default,172,5
3118,default,123,5
3119,default,8,5
3120,default,66,5
3121,default,107,5
3122,default,45,5
3123,default,41,5
3124,default,101,5
3125,default,174,5
3126,default,132,5
3127,default,27,5
3128,default,119,5
3129,default,21,5
3130,default,88,5
3131,default,175,5
3132,default,187,5
3133,default,25,5
3134,default,167,5
3135,default,103,5
3136,default,3,5
3137,default,41,5
3138,default,81,5
3139,default,32,5
3140,default,147,5
3141,default,129,5
3142,default,98,5
3143,default,175,5
3144,default,116,5
3145,default,2,5
3146,default,124,5
3147,default,167,5
3148,default,171,5
3149,default,102,5
3150,default,108,5
3151,default,197,5
3152,default,13,5
3153,default,77,5
3154,default,108,5
3155,default,66,5
3156,default,189,5
3157,default,162,5
3158,default,29,5
3159,default,154,5
3160,default,115,5
3161,default,128,5
3162,default,95,5
3163,default,199,5
3164,default,121,5
3165,default,182,5
3166,default,85,5
3167,default,136,5
3168,default,93,5
3169,default,28,5
3170,default,45,5
3171,default,108,5
3172,default,136,5
3173,default,194,5
3174,default,98,5
3175,default,172,5
3176,default,20,5
3177,default,38,5
3178,default,1,5
3179,default,86,5
3180,default,181,5
3181,default,151,5
3182,default,66,5
3183,default,50,5
3184,default,131,5
3185,default,157,5
3186,default,186,5
3187,default,116,5
3188,default,111,5
3189,default,12,5
3190,default,118,5
3191,default,72,5
3192,default,10,5
3193,default,31,5
3194,default,125,5
3195,default,117,5
3196,default,93,5
3197,default,12,5
3198,default,153,5
3199,default,175,5
3200,default,94,5
3201,default,64,5
3202,default,108,5
3203,default,86,5
3204,default,172,5
3205,default,75,5
3206,default,196,5
3207,default,6,5
3208,default,138,5
3209,default,68,5
3210,default,45,5
3211,default,75,5
3212,default,91,5
3213,default,106,5
3214,default,4,5
3215,default,114,5
3216,default,83,5
3217,default,76,5
3218,default,162,5
3219,default,9,5
3220,default,152,5
3221,default,28,5
3222,default,91,5
3223,default,187,5
3224,default,9,5
3225,default,136,5
3226,default,189,5
3227,default,101,5
3228,default,63,5
3229,default,44,5
3230,default,21,5
3231,default,136,5
3232,default,24,5
3233,default,32,5
3234,default,186,5
3235,default,37,5
3236,default,162,5
3237,default,126,5
3238,default,110,5
3239,default,70,5
3240,default,88,5
3241,default,117,5
3242,default,176,5
3243,default,158,5
3244,default,62,5
3245,default,187,5
3246,default,134,5
3247,default,145,5
3248,default,117,5
3249,default,10,5
3250,default,19,5
3251,default,83,5
3252,default,95,5
3253,default,9,5
3254,default,37,5
3255,default,155,5
3256,default,185,5
3257,default,163,5
3258,default,25,5
3259,default,97,5
3260,default,131,5
3261,default,185,5
3262,default,20,5
3263,default,86,5
3264,default,163,5
3265,default,191,5
3266,default,77,5
3267,default,108,5
3268,default,102,5
3269,default,5,5
3270,default,47,5
3271,default,191,5
3272,default,65,5
3273,default,184,5
3274,default,167,5
3275,default,190,5
3276,default,20,5
3277,default,110,5
3278,default,29,5
3279,default,49,5
3280,default,146,5
3281,default,66,5
3282,default,77,5
3283,default,157,5
3284,default,131,5
3285,default,138,5
3286,default,62,5
3287,default,177,5
3288,default,12,5
3289,default,95,5
3290,default,146,5
3291,default,121,5
3292,default,55,5
3293,default,194,5
3294,default,111,5
3295,default,70,5
3296,default,191,5
3297,default,176,5
3298,default,199,5
3299,default,47,5
3300,default,70,5
3301,default,128,5
3302,default,171,5
3303,default,11,5
3304,default,154,5
3305,default,102,5
3306,default,46,5
3307,default,173,5
3308,default,72,5
3309,default,69,5
3310,default,1,5
3311,default,104,5
3312,default,53,5
3313,default,4,5
3314,default,200,5
3315,default,106,5
3316,default,168,5
3317,default,33,5
3318,default,70,5
3319,default,68,5
3320,default,118,5
3321,default,153,5
3322,default,162,5
3323,default,81,5
3324,default,24,5
3325,default,56,5
3326,default,57,5
3327,default,4,5
3328,default,181,5
3329,default,83,5
3330,default,56,5
3331,default,16,5
3332,default,156,5
3333,default,73,5
3334,default,186,5
3335,default,182,5
3336,default,155,5
3337,default,117,5
3338,default,150,5
3339,default,107,5
3340,default,162,5
3341,default,152,5
3342,default,84,5
3343,default,138,5
3344,default,99,5
3345,default,121,5
3346,default,142,5
3347,default,3,5
3348,default,87,5
3349,default,87,5
3350,default,81,5
3351,default,88,5
3352,default,113,5
3353,default,38,5
3354,default,118,5
3355,default,190,5
3356,default,127,5
3357,default,53,5
3358,default,136,5
3359,default,178,5
3360,default,43,5
3361,default,172,5
3362,default,99,5
3363,default,65,5
3364,default,103,5
3365,default,8,5
3366,default,169,5
3367,default,146,5
3368,default,20,5
3369,default,161,5
3370,default,124,5
3371,default,143,5
3372,default,88,5
3373,default,21,5
3374,default,53,5
3375,default,191,5
3376,default,135,5
3377,default,94,5
3378,default,77,5
3379,default,74,5
3380,default,192,5
3381,default,80,5
3382,default,115,5
3383,default,172,5
3384,default,119,5
3385,default,7,5
3386,default,39,5
3387,default,159,5
3388,default,149,5
3389,default,42,5
3390,default,159,5
3391,default,90,5
3392,default,144,5
3393,default,110,5
3394,default,106,5
3395,default,195,5
3396,default,5,5
3397,default,192,5
3398,default,72,5
3399,default,142,5
3400,default,190,5
3401,default,125,5
3402,default,60,5
3403,default,96,5
3404,default,137,5
3405,default,33,5
3406,default,96,5
3407,default,155,5
3408,default,31,5
3409,default,24,5
3410,default,101,5
3411,default,55,5
3412,default,54,5
3413,default,28,5
3414,default,146,5
3415,default,74,5
3416,default,45,5
3417,default,40,5
3418,default,196,5
3419,default,199,5
3420,default,188,5
3421,default,102,5
3422,default,140,5
3423,default,104,5
3424,default,90,5
3425,default,192,5
3426,default,55,5
3427,default,107,5
3428,default,153,5
3429,default,71,5
3430,default,81,5
3431,default,197,5
3432,default,92,5
3433,default,161,5
3434,default,27,5
3435,default,170,5
3436,default,175,5
3437,default,162,5
3438,default,195,5
3439,default,162,5
3440,default,81,5
3441,default,128,5
3442,default,137,5
3443,default,136,5
3444,default,100,5
3445,default,57,5
3446,default,103,5
3447,default,126,5
3448,default,193,5
3449,default,118,5
3450,default,73,5
3451,default,115,5
3452,default,40,5
3453,default,45,5
3454,default,102,5
3455,default,73,5
3456,default,0,5
3457,default,136,5
3458,default,85,5
3459,default,195,5
3460,default,118,5
3461,default,167,5
3462,default,44,5
3463,default,174,5
3464,default,25,5
3465,default,98,5
3466,default,148,5
3467,default,167,5
3468,default,107,5
3469,default,107,5
3470,default,105,5
3471,default,48,5
3472,default,162,5
3473,default,7,5
3474,default,158,5
3475,default,57,5
3476,default,35,5
3477,default,156,5
3478,default,158,5
3479,default,128,5
3480,default,20,5
3481,default,153,5
3482,default,146,5
3483,default,187,5
3484,default,104,5
3485,default,5,5
3486,default,83,5
3487,default,156,5
3488,default,63,5
3489,default,42,5
3490,default,145,5
3491,default,160,5
3492,default,120,5
3493,default,175,5
3494,default,23,5
3495,default,94,5
3496,default,5,5
3497,default,190,5
3498,default,153,5
3499,default,167,5
3500,default,99,5
3501,default,141,5
3502,default,130,5
3503,default,49,5
3504,default,41,5
3505,default,117,5
3506,default,94,5
3507,default,185,5
3508,default,61,5
3509,default,44,5
3510,default,120,5
3511,default,182,5
3512,default,51,5
3513,default,82,5
3514,default,33,5
3515,default,75,5
3516,default,16,5
3517,default,7,5
3518,default,52,5
3519,default,147,5
3520,default,118,5
3521,default,117,5
3522,default,62,5
3523,default,175,5
3524,default,154,5
3525,default,113,5
3526,default,61,5
3527,default,45,5
3528,default,118,5
3529,default,128,5
3530,default,164,5
3531,default,28,5
3532,default,154,5
3533,default,84,5
3534,default,40,5
3535,default,62,5
3536,default,118,5
3537,default,184,5
3538,default,17,5
3539,default,1,5
3540,default,191,5
3541,default,8,5
3542,default,174,5
3543,default,173,5
3544,default,104,5
3545,default,133,5
3546,default,120,5
3547,default,98,5
3548,default,18,5
3549,default,200,5
3550,default,106,5
3551,default,66,5
3552,default,183,5
3553,default,137,5
3554,default,30,5
3555,default,183,5
3556,default,198,5
3557,default,155,5
3558,default,165,5
3559,default,136,5
3560,default,182,5
3561,default,6,5
3562,default,112,5
3563,default,123,5
3564,default,185,5
3565,default,15,5
3566,default,74,5
3567,default,101,5
3568,default,185,5
3569,default,196,5
3570,default,10,5
3571,default,93,5
3572,default,102,5
3573,default,183,5
3574,default,130,5
3575,default,161,5
3576,default,166,5
3577,default,112,5
3578,default,109,5
3579,default,31,5
3580,default,26,5
3581,default,37,5
3582,default,67,5
3583,default,194,5
3584,default,148,5
3585,default,192,5
3586,default,28,5
3587,default,184,5
3588,default,43,5
3589,default,93,5
3590,default,105,5
3591,default,168,5
3592,default,86,5
3593,default,36,5
3594,default,62,5
3595,default,123,5
3596,default,53,5
3597,default,67,5
3598,default,24,5
3599,default,84,5
3600,default,164,5
3601,default,177,5
3602,default,18,5
3603,default,117,5
3604,default,181,5
3605,default,125,5
3606,default,192,5
3607,default,62,5
3608,default,193,5
3609,default,66,5
3610,default,87,5
3611,default,75,5
3612,default,176,5
3613,default,113,5
3614,default,84,5
3615,default,115,5
3616,default,179,5
3617,default,66,5
3618,default,145,5
3619,default,70,5
3620,default,152,5
3621,default,9,5
3622,default,194,5
3623,default,35,5
3624,default,37,5
3625,default,133,5
3626,default,73,5
3627,default,6,5
3628,default,56,5
3629,default,94,5
3630,default,144,5
3631,default,92,5
3632,default,182,5
3633,default,74,5
3634,default,78,5
3635,default,183,5
3636,default,40,5
3637,default,145,5
3638,default,162,5
3639,default,78,5
3640,default,121,5
3641,default,182,5
3642,default,112,5
3643,default,172,5
3644,default,75,5
3645,default,39,5
3646,default,190,5
3647,default,177,5
3648,default,32,5
3649,default,37,5
3650,default,155,5
3651,default,74,5
3652,default,98,5
3653,default,65,5
3654,default,163,5
3655,default,58,5
3656,default,7,5
3657,default,54,5
3658,default,149,5
3659,default,77,5
3660,default,37,5
3661,default,149,5
3662,default,3,5
3663,default,66,5
3664,default,93,5
3665,default,184,5
3666,default,130,5
3667,default,190,5
3668,default,132,5
3669,default,103,5
3670,default,122,5
3671,default,158,5
3672,default,43,5
3673,default,88,5
3674,default,164,5
3675,default,39,5
3676,default,150,5
3677,default,128,5
3678,default,80,5
3679,default,133,5
3680,default,95,5
3681,default,96,5
3682,default,124,5
3683,default,165,5
3684,default,43,5
3685,default,134,5
3686,default,123,5
3687,default,44,5
3688,default,123,5
3689,default,97,5
3690,default,3,5
3691,default,171,5
3692,default,16,5
3693,default,87,5
3694,default,57,5
3695,default,79,5
3696,default,52,5
3697,default,57,5
3698,default,38,5
3699,default,71,5
3700,default,155,5
3701,default,199,5
3702,default,186,5
3703,default,30,5
3704,default,166,5
3705,default,50,5
3706,default,91,5
3707,default,127,5
3708,default,117,5
3709,default,145,5
3710,default,163,5
3711,default,3,5
3712,default,191,5
3713,default,200,5
3714,default,134,5
3715,default,58,5
3716,default,189,5
3717,default,51,5
3718,default,93,5
3719,default,170,5
3720,default,8,5
3721,default,102,5
3722,default,160,5
3723,default,25,5
3724,default,84,5
3725,default,129,5
3726,default,17,5
3727,default,69,5
3728,default,141,5
3729,default,136,5
3730,default,189,5
3731,default,137,5
3732,default,20,5
3733,default,14,5
3734,default,114,5
3735,default,145,5
3736,default,133,5
3737,default,63,5
3738,default,62,5
3739,default,65,5
3740,default,189,5
3741,default,46,5
3742,default,176,5
3743,default,166,5
3744,default,62,5
3745,default,58,5
3746,default,176,5
3747,default,183,5
3748,default,116,5
3749,default,45,5
3750,default,10,5
3751,default,155,5
3752,default,68,5
3753,default,141,5
3754,default,71,5
3755,default,23,5
3756,default,190,5
3757,default,48,5
3758,default,187,5
3759,default,16,5
3760,default,33,5
3761,default,133,5
3762,default,77,5
3763,default,15,5
3764,default,53,5
3765,default,58,5
3766,default,62,5
3767,default,149,5
3768,default,194,5
3769,default,148,5
3770,default,122,5
3771,default,118,5
3772,default,25,5
3773,default,137,5
3774,default,200,5
3775,default,13,5
3776,default,81,5
3777,default,162,5
3778,default,18,5
3779,default,50,5
3780,default,122,5
3781,default,29,5
3782,default,113,5
3783,default,21,5
3784,default,121,5
3785,default,50,5
3786,default,25,5
3787,default,138,5
3788,default,150,5
3789,default,55,5
3790,default,153,5
3791,default,124,5
3792,default,76,5
3793,default,145,5
3794,default,2,5
3795,default,148,5
3796,default,110,5
3797,default,28,5
3798,default,184,5
3799,default,113,5
3800,default,199,5
3801,default,164,5
3802,default,49,5
3803,default,150,5
3804,default,162,5
3805,default,157,5
3806,default,193,5
3807,default,116,5
3808,default,0,5
3809,default,64,5
3810,default,193,5
3811,default,104,5
3812,default,153,5
3813,default,69,5
3814,default,126,5
3815,default,161,5
3816,default,45,5
3817,default,84,5
3818,default,129,5
3819,default,123,5
3820,default,131,5
3821,default,72,5
3822,default,165,5
3823,default,76,5
3824,default,67,5
3825,default,136,5
3826,default,63,5
3827,default,87,5
3828,default,70,5
3829,default,173,5
3830,default,143,5
3831,default,128,5
3832,default,79,5
3833,default,160,5
3834,default,112,5
3835,default,28,5
3836,default,193,5
3837,default,46,5
3838,default,124,5
3839,default,1,5
3840,default,81,5
3841,default,130,5
3842,default,120,5
3843,default,126,5
3844,default,41,5
3845,default,45,5
3846,default,16,5
3847,default,194,5
3848,default,110,5
3849,default,172,5
3850,default,77,5
3851,default,24,5
3852,default,113,5
3853,default,87,5
3854,default,163,5
3855,default,175,5
3856,default,137,5
3857,default,46,5
3858,default,49,5
3859,default,199,5
3860,default,27,5
3861,default,195,5
3862,default,59,5
3863,default,54,5
3864,default,78,5
3865,default,128,5
3866,default,78,5
3867,default,81,5
3868,default,196,5
3869,default,135,5
3870,default,120,5
3871,default,26,5
3872,default,175,5
3873,default,76,5
3874,default,156,5
3875,default,53,5
3876,default,146,5
3877,default,172,5
3878,default,39,5
3879,default,82,5
3880,default,40,5
3881,default,49,5
3882,default,196,5
3883,default,101,5
3884,default,43,5
3885,default,40,5
3886,default,156,5
3887,default,169,5
3888,default,40,5
3889,default,83,5
3890,default,132,5
3891,default,121,5
3892,default,167,5
3893,default,152,5
3894,default,106,5
3895,default,199,5
3896,default,185,5
3897,default,68,5
3898,default,58,5
3899,default,67,5
3900,default,120,5
3901,default,77,5
3902,default,94,5
3903,default,37,5
3904,default,78,5
3905,default,85,5
3906,default,186,5
3907,default,90,5
3908,default,190,5
3909,default,80,5
3910,default,115,5
3911,default,78,5
3912,default,108,5
3913,default,144,5
3914,default,100,5
3915,default,195,5
3916,default,106,5
3917,default,1,5
3918,default,195,5
3919,default,103,5
3920,default,14,5
3921,default,104,5
3922,default,90,5
3923,default,165,5
3924,default,35,5
3925,default,116,5
3926,default,196,5
3927,default,70,5
3928,default,4,5
3929,default,180,5
3930,default,51,5
3931,default,53,5
3932,default,169,5
3933,default,183,5
3934,default,65,5
3935,default,75,5
3936,default,95,5
3937,default,6,5
3938,default,82,5
3939,default,109,5
3940,default,97,5
3941,default,83,5
3942,default,142,5
3943,default,143,5
3944,default,189,5
3945,default,51,5
3946,default,55,5
3947,default,158,5
3948,default,128,5
3949,default,112,5
3950,default,70,5
3951,default,27,5
3952,default,19,5
3953,default,62,5
3954,default,41,5
3955,default,83,5
3956,default,185,5
3957,default,122,5
3958,default,184,5
3959,default,151,5
3960,default,120,5
3961,default,11,5
3962,default,199,5
3963,default,168,5
3964,default,99,5
3965,default,176,5
3966,default,180,5
3967,default,124,5
3968,default,63,5
3969,default,71,5
3970,default,155,5
3971,default,150,5
3972,default,96,5
3973,default,15,5
3974,default,25,5
3975,default,14,5
3976,default,163,5
3977,default,87,5
3978,default,70,5
3979,default,137,5
3980,default,94,5
3981,default,112,5
3982,default,72,5
3983,default,28,5
3984,default,120,5
3985,default,34,5
3986,default,191,5
3987,default,18,5
3988,default,83,5
3989,default,198,5
3990,default,187,5
3991,default,105,5
3992,default,38,5
3993,default,38,5
3994,default,150,5
3995,default,76,5
3996,default,146,5
3997,default,51,5
3998,default,143,5
3999,default,22,5
4000,default,112,5
4001,default,62,5
4002,default,83,5
4003,default,146,5
4004,default,139,5
4005,default,195,5
4006,default,169,5
4007,default,66,5
4008,default,142,5
4009,default,135,5
4010,default,74,5
4011,default,176,5
4012,default,5,5
4013,default,35,5
4014,default,197,5
4015,default,197,5
4016,default,17,5
4017,default,179,5
4018,default,182,5
4019,default,189,5
4020,default,80,5
4021,default,92,5
4022,default,197,5
4023,default,114,5
4024,default,191,5
4025,default,54,5
4026,default,47,5
4027,default,82,5
4028,default,119,5
4029,default,58,5
4030,default,117,5
4031,default,92,5
4032,default,85,5
4033,default,50,5
4034,default,173,5
4035,default,180,5
4036,default,66,5
4037,default,65,5
4038,default,154,5
4039,default,191,5
4040,default,5,5
4041,default,35,5
4042,default,30,5
4043,default,164,5
4044,default,105,5
4045,default,109,5
4046,default,101,5
4047,default,124,5
4048,default,12,5
4049,default,135,5
4050,default,15,5
4051,default,131,5
4052,default,95,5
4053,default,4,5
4054,default,144,5
4055,default,111,5
4056,default,8,5
4057,default,129,5
4058,default,83,5
4059,default,137,5
4060,default,125,5
4061,default,72,5
4062,default,147,5
4063,default,85,5
4064,default,162,5
4065,default,17,5
4066,default,188,5
4067,default,19,5
4068,default,144,5
4069,default,23,5
4070,default,142,5
4071,default,199,5
4072,default,28,5
4073,default,136,5
4074,default,40,5
4075,default,131,5
4076,default,22,5
4077,default,146,5
4078,default,119,5
4079,default,156,5
4080,default,166,5
4081,default,48,5
4082,default,192,5
4083,default,18,5
4084,default,196,5
4085,default,175,5
4086,default,110,5
4087,default,70,5
4088,default,119,5
4089,default,115,5
4090,default,189,5
4091,default,38,5
4092,default,166,5
4093,default,84,5
4094,default,18,5
4095,default,46,5
4096,default,165,5
4097,default,147,5
4098,default,86,5
4099,default,116,5
4100,default,135,5
4101,default,199,5
4102,default,177,5
4103,default,189,5
4104,default,110,5
4105,default,5,5
4106,default,102,5
4107,default,147,5
4108,default,75,5
4109,default,1,5
4110,default,159,5
4111,default,99,5
4112,default,4,5
4113,default,2,5
4114,default,57,5
4115,default,82,5
4116,default,109,5
4117,default,38,5
4118,default,66,5
4119,default,57,5
4120,default,149,5
4121,default,172,5
4122,default,196,5
4123,default,83,5
4124,default,136,5
4125,default,117,5
4126,default,167,5
4127,default,170,5
4128,default,51,5
4129,default,197,5
4130,default,147,5
4131,default,90,5
4132,default,183,5
4133,default,147,5
4134,default,39,5
4135,default,48,5
4136,default,197,5
4137,default,37,5
4138,default,52,5
4139,default,78,5
4140,default,46,5
4141,default,25,5
4142,default,6,5
4143,default,136,5
4144,default,154,5
4145,default,10,5
4146,default,199,5
4147,default,32,5
4148,default,138,5
4149,default,89,5
4150,default,17,5
4151,default,83,5
4152,default,80,5
4153,default,58,5
4154,default,168,5
4155,default,53,5
4156,default,51,5
4157,default,77,5
4158,default,41,5
4159,default,108,5
4160,default,69,5
4161,default,59,5
4162,default,55,5
4163,default,197,5
4164,default,90,5
4165,default,6,5
4166,default,35,5
4167,default,112,5
4168,default,31,5
4169,default,96,5
4170,default,6,5
4171,default,113,5
4172,default,190,5
4173,default,189,5
4174,default,53,5
4175,default,97,5
4176,default,12,5
4177,default,114,5
4178,default,112,5
4179,default,102,5
4180,default,50,5
4181,default,52,5
4182,default,197,5
4183,default,97,5
4184,default,151,5
4185,default,31,5
4186,default,23,5
4187,default,44,5
4188,default,129,5
4189,default,148,5
4190,default,185,5
4191,default,132,5
4192,default,31,5
4193,default,41,5
4194,default,193,5
4195,default,53,5
4196,default,30,5
4197,default,125,5
4198,default,189,5
4199,default,154,5
4200,default,91,5
4201,default,191,5
4202,default,81,5
4203,default,106,5
4204,default,48,5
4205,default,53,5
4206,default,23,5
4207,default,129,5
4208,default,92,5
4209,default,122,5
4210,default,65,5
4211,default,130,5
4212,default,28,5
4213,default,116,5
4214,default,4,5
4215,default,1,5
4216,default,97,5
4217,default,107,5
4218,default,102,5
4219,default,25,5
4220,default,90,5
4221,default,92,5
4222,default,79,5
4223,default,16,5
4224,default,111,5
4225,default,166,5
4226,default,76,5
4227,default,58,5
4228,default,179,5
4229,default,21,5
4230,default,166,5
4231,default,164,5
4232,default,99,5
4233,default,120,5
4234,default,4,5
4235,default,70,5
4236,default,186,5
4237,default,165,5
4238,default,82,5
4239,default,11,5
4240,default,36,5
4241,default,63,5
4242,default,45,5
4243,default,144,5
4244,default,2,5
4245,default,32,5
4246,default,132,5
4247,default,39,5
4248,default,35,5
4249,default,177,5
4250,default,120,5
4251,default,195,5
4252,default,9,5
4253,default,15,5
4254,default,152,5
4255,default,53,5
4256,default,189,5
4257,default,169,5
4258,default,75,5
4259,default,95,5
4260,default,158,5
4261,default,106,5
4262,default,40,5
4263,default,107,5
4264,default,44,5
4265,default,44,5
4266,default,132,5
4267,default,38,5
4268,default,189,5
4269,default,171,5
4270,default,46,5
4271,default,93,5
4272,default,28,5
4273,default,41,5
4274,default,7,5
4275,default,127,5
4276,default,52,5
4277,default,78,5
4278,default,103,5
4279,default,160,5
4280,default,95,5
4281,default,67,5
4282,default,159,5
4283,default,82,5
4284,default,7,5
4285,default,200,5
4286,default,6,5
4287,default,84,5
4288,default,7,5
4289,default,120,5
4290,default,8,5
4291,default,188,5
4292,default,36,5
4293,default,104,5
4294,default,11,5
4295,default,138,5
4296,default,96,5
4297,default,195,5
4298,default,153,5
4299,default,184,5
4300,default,134,5
4301,default,43,5
4302,default,40,5
4303,default,25,5
4304,default,3,5
4305,default,89,5
4306,default,57,5
4307,default,23,5
4308,default,107,5
4309,default,16,5
4310,default,28,5
4311,default,121,5
4312,default,118,5
4313,default,106,5
4314,default,137,5
4315,default,112,5
4316,default,34,5
4317,default,154,5
4318,default,163,5
4319,default,0,5
4320,default,79,5
4321,default,121,5
4322,default,120,5
4323,default,65,5
4324,default,32,5
4325,default,82,5
4326,default,168,5
4327,default,138,5
4328,default,93,5
4329,default,157,5
4330,default,171,5
4331,default,183,5
4332,default,24,5
4333,default,122,5
4334,default,126,5
4335,default,191,5
4336,default,146,5
4337,default,50,5
4338,default,32,5
4339,default,56,5
4340,default,131,5
4341,default,33,5
4342,default,36,5
4343,default,57,5
4344,default,168,5
4345,default,21,5
4346,default,190,5
4347,default,24,5
4348,default,183,5
4349,default,103,5
4350,default,72,5
4351,default,157,5
4352,default,26,5
4353,default,63,5
4354,default,57,5
4355,default,64,5
4356,default,47,5
4357,default,186,5
4358,default,168,5
4359,default,77,5
4360,default,84,5
4361,default,181,5
4362,default,118,5
4363,default,171,5
4364,default,151,5
4365,default,133,5
4366,default,132,5
4367,default,147,5
4368,default,68,5
4369,default,194,5
4370,default,33,5
4371,default,83,5
4372,default,108,5
4373,default,95,5
4374,default,169,5
4375,default,37,5
4376,default,148,5
4377,default,188,5
4378,default,8,5
4379,default,191,5
4380,default,98,5
4381,default,161,5
4382,default,12,5
4383,default,50,5
4384,default,46,5
4385,default,3,5
4386,default,36,5
4387,default,162,5
4388,default,8,5
4389,default,60,5
4390,default,41,5
4391,default,101,5
4392,default,82,5
4393,default,2,5
4394,default,146,5
4395,default,123,5
4396,default,123,5
4397,default,88,5
4398,default,48,5
4399,default,160,5
4400,default,147,5
4401,default,103,5
4402,default,115,5
4403,default,54,5
4404,default,116,5
4405,default,159,5
4406,default,67,5
4407,default,139,5
4408,default,112,5
4409,default,30,5
4410,default,190,5
4411,default,71,5
4412,default,167,5
4413,default,196,5
4414,default,131,5
4415,default,86,5
4416,default,86,5
4417,default,47,5
4418,default,65,5
4419,default,87,5
4420,default,124,5
4421,default,197,5
4422,default,140,5
4423,default,116,5
4424,default,169,5
4425,default,24,5
4426,default,171,5
4427,default,87,5
4428,default,195,5
4429,default,132,5
4430,default,67,5
4431,default,16,5
4432,default,200,5
4433,default,93,5
4434,default,109,5
4435,default,164,5
4436,default,6,5
4437,default,139,5
4438,default,32,5
4439,default,24,5
4440,default,58,5
4441,default,117,5
4442,default,28,5
4443,default,30,5
4444,default,140,5
4445,default,182,5
4446,default,75,5
4447,default,32,5
4448,default,88,5
4449,default,78,5
4450,default,115,5
4451,default,111,5
4452,default,141,5
4453,default,21,5
4454,default,129,5
4455,default,46,5
4456,default,101,5
4457,default,130,5
4458,default,49,5
4459,default,36,5
4460,default,174,5
4461,default,56,5
4462,default,198,5
4463,default,4,5
4464,default,50,5
4465,default,187,5
4466,default,190,5
4467,default,90,5
4468,default,134,5
4469,default,153,5
4470,default,199,5
4471,default,38,5
4472,default,144,5
4473,default,135,5
4474,default,134,5
4475,default,12,5
4476,default,136,5
4477,default,92,5
4478,default,138,5
4479,default,58,5
4480,default,177,5
4481,default,135,5
4482,default,42,5
4483,default,95,5
4484,default,40,5
4485,default,25,5
4486,default,174,5
4487,default,42,5
4488,default,162,5
4489,default,162,5
4490,default,158,5
4491,default,57,5
4492,default,192,5
4493,default,183,5
4494,default,38,5
4495,default,138,5
4496,default,156,5
4497,default,108,5
4498,default,51,5
4499,default,71,5
4500,default,12,5
4501,default,102,5
4502,default,75,5
4503,default,99,5
4504,default,133,5
4505,default,107,5
4506,default,121,5
4507,default,119,5
4508,default,82,5
4509,default,34,5
4510,default,184,5
4511,default,76,5
4512,default,0,5
4513,default,19,5
4514,default,64,5
4515,default,181,5
4516,default,142,5
4517,default,171,5
4518,default,79,5
4519,default,53,5
4520,default,187,5
4521,default,156,5
4522,default,152,5
4523,default,17,5
4524,default,15,5
4525,default,193,5
4526,default,105,5
4527,default,35,5
4528,default,36,5
4529,default,123,5
4530,default,41,5
4531,default,195,5
4532,default,62,5
4533,default,100,5
4534,default,40,5
4535,default,165,5
4536,default,107,5
4537,default,100,5
4538,default,151,5
4539,default,49,5
4540,default,63,5
4541,default,89,5
4542,default,18,5
4543,default,57,5
4544,default,70,5
4545,default,35,5
4546,default,102,5
4547,default,31,5
4548,default,185,5
4549,default,189,5
4550,default,149,5
4551,default,172,5
4552,default,38,5
4553,default,52,5
4554,default,113,5
4555,default,36,5
4556,default,172,5
4557,default,70,5
4558,default,194,5
4559,default,83,5
4560,default,2,5
4561,default,163,5
4562,default,30,5
4563,default,133,5
4564,default,79,5
4565,default,134,5
4566,default,26,5
4567,default,197,5
4568,default,160,5
4569,default,153,5
4570,default,120,5
4571,default,59,5
4572,default,169,5
4573,default,112,5
4574,default,76,5
4575,default,31,5
4576,default,138,5
4577,default,190,5
4578,default,156,5
4579,default,116,5
4580,default,39,5
4581,default,18,5
4582,default,193,5
4583,default,184,5
4584,default,87,5
4585,default,69,5
4586,default,10,5
4587,default,97,5
4588,default,65,5
4589,default,28,5
4590,default,160,5
4591,default,119,5
4592,default,109,5
4593,default,149,5
4594,default,43,5
4595,default,181,5
4596,default,177,5
4597,default,124,5
4598,default,194,5
4599,default,74,5
4600,default,57,5
4601,default,133,5
4602,default,26,5
4603,default,22,5
4604,default,187,5
4605,default,154,5
4606,default,153,5
4607,default,92,5
4608,default,61,5
4609,default,170,5
4610,default,126,5
4611,default,179,5
4612,default,110,5
4613,default,107,5
4614,default,14,5
4615,default,163,5
4616,default,26,5
4617,default,197,5
4618,default,71,5
4619,default,185,5
4620,default,187,5
4621,default,70,5
4622,default,64,5
4623,default,163,5
4624,default,130,5
4625,default,84,5
4626,default,107,5
4627,default,170,5
4628,default,64,5
4629,default,91,5
4630,default,21,5
4631,default,3,5
4632,default,25,5
4633,default,182,5
4634,default,124,5
4635,default,62,5
4636,default,149,5
4637,default,126,5
4638,default,56,5
4639,default,151,5
4640,default,111,5
4641,default,170,5
4642,default,68,5
4643,default,26,5
4644,default,199,5
4645,default,181,5
4646,default,124,5
4647,default,143,5
4648,default,155,5
4649,default,144,5
4650,default,96,5
4651,default,155,5
4652,default,132,5
4653,default,170,5
4654,default,97,5
4655,default,10,5
4656,default,154,5
4657,default,27,5
4658,default,151,5
4659,default,164,5
4660,default,25,5
4661,default,147,5
4662,default,24,5
4663,default,30,5
4664,default,195,5
4665,default,61,5
4666,default,92,5
4667,default,148,5
4668,default,172,5
4669,default,181,5
4670,default,154,5
4671,default,107,5
4672,default,100,5
4673,default,183,5
4674,default,190,5
4675,default,10,5
4676,default,88,5
4677,default,165,5
4678,default,112,5
4679,default,117,5
4680,default,146,5
4681,default,133,5
4682,default,9,5
4683,default,102,5
4684,default,160,5
4685,default,190,5
4686,default,199,5
4687,default,110,5
4688,default,171,5
4689,default,6,5
4690,default,55,5
4691,default,145,5
4692,default,46,5
4693,default,6,5
4694,default,161,5
4695,default,84,5
4696,default,25,5
4697,default,74,5
4698,default,105,5
4699,default,7,5
4700,default,186,5
4701,default,116,5
4702,default,64,5
4703,default,91,5
4704,default,174,5
4705,default,88,5
4706,default,90,5
4707,default,63,5
4708,default,70,5
4709,default,114,5
4710,default,200,5
4711,default,12,5
4712,default,83,5
4713,default,117,5
4714,default,178,5
4715,default,162,5
4716,default,67,5
4717,default,196,5
4718,default,41,5
4719,default,53,5
4720,default,142,5
4721,default,197,5
4722,default,140,5
4723,default,165,5
4724,default,82,5
4725,default,189,5
4726,default,102,5
4727,default,192,5
4728,default,89,5
4729,default,199,5
4730,default,44,5
4731,default,127,5
4732,default,22,5
4733,default,85,5
4734,default,90,5
4735,default,157,5
4736,default,137,5
4737,default,189,5
4738,default,58,5
4739,default,81,5
4740,default,78,5
4741,default,25,5
4742,default,184,5
4743,default,23,5
4744,default,163,5
4745,default,103,5
4746,default,80,5
4747,default,159,5
4748,default,127,5
4749,default,163,5
4750,default,47,5
4751,default,193,5
4752,default,97,5
4753,default,51,5
4754,default,67,5
4755,default,181,5
4756,default,124,5
4757,default,89,5
4758,default,86,5
4759,default,112,5
4760,default,92,5
4761,default,193,5
4762,default,40,5
4763,default,43,5
4764,default,82,5
4765,default,4,5
4766,default,28,5
4767,default,48,5
4768,default,148,5
4769,default,79,5
4770,default,129,5
4771,default,179,5
4772,default,164,5
4773,default,143,5
4774,default,75,5
4775,default,193,5
4776,default,143,5
4777,default,137,5
4778,default,45,5
4779,default,101,5
4780,default,158,5
4781,default,178,5
4782,default,19,5
4783,default,50,5
4784,default,23,5
4785,default,23,5
4786,default,182,5
4787,default,153,5
4788,default,169,5
4789,default,103,5
4790,default,67,5
4791,default,37,5
4792,default,183,5
4793,default,87,5
4794,default,136,5
4795,default,90,5
4796,default,101,5
4797,default,34,5
4798,default,98,5
4799,default,26,5
4800,default,188,5
4801,default,75,5
4802,default,157,5
4803,default,145,5
4804,default,21,5
4805,default,82,5
4806,default,57,5
4807,default,113,5
4808,default,10,5
4809,default,62,5
4810,default,140,5
4811,default,39,5
4812,default,170,5
4813,default,70,5
4814,default,6,5
4815,default,126,5
4816,default,57,5
4817,default,177,5
4818,default,56,5
4819,default,62,5
4820,default,57,5
4821,default,112,5
4822,default,165,5
4823,default,55,5
4824,default,37,5
4825,default,3,5
4826,default,75,5
4827,default,62,5
4828,default,5,5
4829,default,156,5
4830,default,123,5
4831,default,112,5
4832,default,106,5
4833,default,142,5
4834,default,141,5
4835,default,145,5
4836,default,49,5
4837,default,105,5
4838,default,47,5
4839,default,132,5
4840,default,148,5
4841,default,102,5
4842,default,160,5
4843,default,147,5
4844,default,99,5
4845,default,191,5
4846,default,66,5
4847,default,180,5
4848,default,93,5
4849,default,67,5
4850,default,110,5
4851,default,94,5
4852,default,93,5
4853,default,60,5
4854,default,81,5
4855,default,138,5
4856,default,91,5
4857,default,19,5
4858,default,177,5
4859,default,34,5
4860,default,82,5
4861,default,179,5
4862,default,63,5
4863,default,137,5
4864,default,148,5
4865,default,32,5
4866,default,24,5
4867,default,200,5
4868,default,129,5
4869,default,181,5
4870,default,121,5
4871,default,137,5
4872,default,80,5
4873,default,26,5
4874,default,154,5
4875,default,58,5
4876,default,184,5
4877,default,89,5
4878,default,183,5
4879,default,179,5
4880,default,165,5
4881,default,141,5
4882,default,57,5
4883,default,119,5
4884,default,68,5
4885,default,147,5
4886,default,13,5
4887,default,117,5
4888,default,158,5
4889,default,112,5
4890,default,127,5
4891,default,151,5
4892,default,111,5
4893,default,16,5
4894,default,43,5
4895,default,5,5
4896,default,143,5
4897,default,114,5
4898,default,143,5
4899,default,166,5
4900,default,14,5
4901,default,88,5
4902,default,122,5
4903,default,180,5
4904,default,37,5
4905,default,16,5
4906,default,174,5
4907,default,90,5
4908,default,16,5
4909,default,184,5
4910,default,70,5
4911,default,145,5
4912,default,64,5
4913,default,186,5
4914,default,7,5
4915,default,182,5
4916,default,153,5
4917,default,125,5
4918,default,110,5
4919,default,180,5
4920,default,195,5
4921,default,34,5
4922,default,101,5
4923,default,55,5
4924,default,169,5
4925,default,115,5
4926,default,79,5
4927,default,137,5
4928,default,178,5
4929,default,172,5
4930,default,77,5
4931,default,84,5
4932,default,59,5
4933,default,145,5
4934,default,130,5
4935,default,104,5
4936,default,36,5
4937,default,196,5
4938,default,138,5
4939,default,174,5
4940,default,150,5
4941,default,80,5
4942,default,1,5
4943,default,156,5
4944,default,13,5
4945,default,182,5
4946,default,193,5
4947,default,91,5
4948,default,150,5
4949,default,30,5
4950,default,198,5
4951,default,18,5
4952,default,157,5
4953,default,16,5
4954,default,135,5
4955,default,105,5
4956,default,186,5
4957,default,41,5
4958,default,187,5
4959,default,49,5
4960,default,63,5
4961,default,153,5
4962,default,198,5
4963,default,194,5
4964,default,45,5
4965,default,46,5
4966,default,7,5
4967,default,166,5
4968,default,126,5
4969,default,186,5
4970,default,30,5
4971,default,84,5
4972,default,22,5
4973,default,24,5
4974,default,103,5
4975,default,146,5
4976,default,179,5
4977,default,175,5
4978,default,99,5
4979,default,104,5
4980,default,97,5
4981,default,178,5
4982,default,121,5
4983,default,35,5
4984,default,87,5
4985,default,46,5
4986,default,24,5
4987,default,79,5
4988,default,90,5
4989,default,45,5
4990,default,181,5
4991,default,110,5
4992,default,64,5
4993,default,127,5
4994,default,23,5
4995,default,47,5
4996,default,66,5
4997,default,102,5
4998,default,51,5
4999,default,58,5
5000,default,89,5
