email,password_hash,first_name,last_name
user1@example.com,$2b$12$dummyscalehash,First1,Last1
user2@example.com,$2b$12$dummyscalehash,First2,Last2
user3@example.com,$2b$12$dummyscalehash,First3,Last3
user4@example.com,$2b$12$dummyscalehash,First4,Last4
user5@example.com,$2b$12$dummyscalehash,First5,Last5
user6@example.com,$2b$12$dummyscalehash,First6,Last6
user7@example.com,$2b$12$dummyscalehash,First7,Last7
user8@example.com,$2b$12$dummyscalehash,First8,Last8
user9@example.com,$2b$12$dummyscalehash,First9,Last9
user10@example.com,$2b$12$dummyscalehash,First10,Last10
user11@example.com,$2b$12$dummyscalehash,First11,Last11
user12@example.com,$2b$12$dummyscalehash,First12,Last12
user13@example.com,$2b$12$dummyscalehash,First13,Last13
user14@example.com,$2b$12$dummyscalehash,First14,Last14
user15@example.com,$2b$12$dummyscalehash,First15,Last15
user16@example.com,$2b$12$dummyscalehash,First16,Last16
user17@example.com,$2b$12$dummyscalehash,First17,Last17
user18@example.com,$2b$12$dummyscalehash,First18,Last18
user19@example.com,$2b$12$dummyscalehash,First19,Last19
user20@example.com,$2b$12$dummyscalehash,First20,Last20
user21@example.com,$2b$12$dummyscalehash,First21,Last21
user22@example.com,$2b$12$dummyscalehash,First22,Last22
user23@example.com,$2b$12$dummyscalehash,First23,Last23
user24@example.com,$2b$12$dummyscalehash,First24,Last24
user25@example.com,$2b$12$dummyscalehash,First25,Last25
user26@example.com,$2b$12$dummyscalehash,First26,Last26
user27@example.com,$2b$12$dummyscalehash,First27,Last27
user28@example.com,$2b$12$dummyscalehash,First28,Last28
user29@example.com,$2b$12$dummyscalehash,First29,Last29
user30@example.com,$2b$12$dummyscalehash,First30,Last30
user31@example.com,$2b$12$dummyscalehash,First31,Last31
user32@example.com,$2b$12$dummyscalehash,First32,Last32
user33@example.com,$2b$12$dummyscalehash,First33,Last33
user34@example.com,$2b$12$dummyscalehash,First34,Last34
user35@example.com,$2b$12$dummyscalehash,First35,Last35
user36@example.com,$2b$12$dummyscalehash,First36,Last36
user37@example.com,$2b$12$dummyscalehash,First37,Last37
user38@example.com,$2b$12$dummyscalehash,First38,Last38
user39@example.com,$2b$12$dummyscalehash,First39,Last39
user40@example.com,$2b$12$dummyscalehash,First40,Last40
user41@example.com,$2b$12$dummyscalehash,First41,Last41
user42@example.com,$2b$12$dummyscalehash,First42,Last42
user43@example.com,$2b$12$dummyscalehash,First43,Last43
user44@example.com,$2b$12$dummyscalehash,First44,Last44
user45@example.com,$2b$12$dummyscalehash,First45,Last45
user46@example.com,$2b$12$dummyscalehash,First46,Last46
user47@example.com,$2b$12$dummyscalehash,First47,Last47
user48@example.com,$2b$12$dummyscalehash,First48,Last48
user49@example.com,$2b$12$dummyscalehash,First49,Last49
user50@example.com,$2b$12$dummyscalehash,First50,Last50
user51@example.com,$2b$12$dummyscalehash,First51,Last51
user52@example.com,$2b$12$dummyscalehash,First52,Last52
user53@example.com,$2b$12$dummyscalehash,First53,Last53
user54@example.com,$2b$12$dummyscalehash,First54,Last54
user55@example.com,$2b$12$dummyscalehash,First55,Last55
user56@example.com,$2b$12$dummyscalehash,First56,Last56
user57@example.com,$2b$12$dummyscalehash,First57,Last57
user58@example.com,$2b$12$dummyscalehash,First58,Last58
user59@example.com,$2b$12$dummyscalehash,First59,Last59
user60@example.com,$2b$12$dummyscalehash,First60,Last60
user61@example.com,$2b$12$dummyscalehash,First61,Last61
user62@example.com,$2b$12$dummyscalehash,First62,Last62
user63@example.com,$2b$12$dummyscalehash,First63,Last63
user64@example.com,$2b$12$dummyscalehash,First64,Last64
user65@example.com,$2b$12$dummyscalehash,First65,Last65
user66@example.com,$2b$12$dummyscalehash,First66,Last66
user67@example.com,$2b$12$dummyscalehash,First67,Last67
user68@example.com,$2b$12$dummyscalehash,First68,Last68
user69@example.com,$2b$12$dummyscalehash,First69,Last69
user70@example.com,$2b$12$dummyscalehash,First70,Last70
user71@example.com,$2b$12$dummyscalehash,First71,Last71
user72@example.com,$2b$12$dummyscalehash,First72,Last72
user73@example.com,$2b$12$dummyscalehash,First73,Last73
user74@example.com,$2b$12$dummyscalehash,First74,Last74
user75@example.com,$2b$12$dummyscalehash,First75,Last75
user76@example.com,$2b$12$dummyscalehash,First76,Last76
user77@example.com,$2b$12$dummyscalehash,First77,Last77
user78@example.com,$2b$12$dummyscalehash,First78,Last78
user79@example.com,$2b$12$dummyscalehash,First79,Last79
user80@example.com,$2b$12$dummyscalehash,First80,Last80
user81@example.com,$2b$12$dummyscalehash,First81,Last81
user82@example.com,$2b$12$dummyscalehash,First82,Last82
user83@example.com,$2b$12$dummyscalehash,First83,Last83
user84@example.com,$2b$12$dummyscalehash,First84,Last84
user85@example.com,$2b$12$dummyscalehash,First85,Last85
user86@example.com,$2b$12$dummyscalehash,First86,Last86
user87@example.com,$2b$12$dummyscalehash,First87,Last87
user88@example.com,$2b$12$dummyscalehash,First88,Last88
user89@example.com,$2b$12$dummyscalehash,First89,Last89
user90@example.com,$2b$12$dummyscalehash,First90,Last90
user91@example.com,$2b$12$dummyscalehash,First91,Last91
user92@example.com,$2b$12$dummyscalehash,First92,Last92
user93@example.com,$2b$12$dummyscalehash,First93,Last93
user94@example.com,$2b$12$dummyscalehash,First94,Last94
user95@example.com,$2b$12$dummyscalehash,First95,Last95
user96@example.com,$2b$12$dummyscalehash,First96,Last96
user97@example.com,$2b$12$dummyscalehash,First97,Last97
user98@example.com,$2b$12$dummyscalehash,First98,Last98
user99@example.com,$2b$12$dummyscalehash,First99,Last99
user100@example.com,$2b$12$dummyscalehash,First100,Last100
user101@example.com,$2b$12$dummyscalehash,First101,Last101
user102@example.com,$2b$12$dummyscalehash,First102,Last102
user103@example.com,$2b$12$dummyscalehash,First103,Last103
user104@example.com,$2b$12$dummyscalehash,First104,Last104
user105@example.com,$2b$12$dummyscalehash,First105,Last105
user106@example.com,$2b$12$dummyscalehash,First106,Last106
user107@example.com,$2b$12$dummyscalehash,First107,Last107
user108@example.com,$2b$12$dummyscalehash,First108,Last108
user109@example.com,$2b$12$dummyscalehash,First109,Last109
user110@example.com,$2b$12$dummyscalehash,First110,Last110
user111@example.com,$2b$12$dummyscalehash,First111,Last111
user112@example.com,$2b$12$dummyscalehash,First112,Last112
user113@example.com,$2b$12$dummyscalehash,First113,Last113
user114@example.com,$2b$12$dummyscalehash,First114,Last114
user115@example.com,$2b$12$dummyscalehash,First115,Last115
user116@example.com,$2b$12$dummyscalehash,First116,Last116
user117@example.com,$2b$12$dummyscalehash,First117,Last117
user118@example.com,$2b$12$dummyscalehash,First118,Last118
user119@example.com,$2b$12$dummyscalehash,First119,Last119
user120@example.com,$2b$12$dummyscalehash,First120,Last120
user121@example.com,$2b$12$dummyscalehash,First121,Last121
user122@example.com,$2b$12$dummyscalehash,First122,Last122
user123@example.com,$2b$12$dummyscalehash,First123,Last123
user124@example.com,$2b$12$dummyscalehash,First124,Last124
user125@example.com,$2b$12$dummyscalehash,First125,Last125
user126@example.com,$2b$12$dummyscalehash,First126,Last126
user127@example.com,$2b$12$dummyscalehash,First127,Last127
user128@example.com,$2b$12$dummyscalehash,First128,Last128
user129@example.com,$2b$12$dummyscalehash,First129,Last129
user130@example.com,$2b$12$dummyscalehash,First130,Last130
user131@example.com,$2b$12$dummyscalehash,First131,Last131
user132@example.com,$2b$12$dummyscalehash,First132,Last132
user133@example.com,$2b$12$dummyscalehash,First133,Last133
user134@example.com,$2b$12$dummyscalehash,First134,Last134
user135@example.com,$2b$12$dummyscalehash,First135,Last135
user136@example.com,$2b$12$dummyscalehash,First136,Last136
user137@example.com,$2b$12$dummyscalehash,First137,Last137
user138@example.com,$2b$12$dummyscalehash,First138,Last138
user139@example.com,$2b$12$dummyscalehash,First139,Last139
user140@example.com,$2b$12$dummyscalehash,First140,Last140
user141@example.com,$2b$12$dummyscalehash,First141,Last141
user142@example.com,$2b$12$dummyscalehash,First142,Last142
user143@example.com,$2b$12$dummyscalehash,First143,Last143
user144@example.com,$2b$12$dummyscalehash,First144,Last144
user145@example.com,$2b$12$dummyscalehash,First145,Last145
user146@example.com,$2b$12$dummyscalehash,First146,Last146
user147@example.com,$2b$12$dummyscalehash,First147,Last147
user148@example.com,$2b$12$dummyscalehash,First148,Last148
user149@example.com,$2b$12$dummyscalehash,First149,Last149
user150@example.com,$2b$12$dummyscalehash,First150,Last150
user151@example.com,$2b$12$dummyscalehash,First151,Last151
user152@example.com,$2b$12$dummyscalehash,First152,Last152
user153@example.com,$2b$12$dummyscalehash,First153,Last153
user154@example.com,$2b$12$dummyscalehash,First154,Last154
user155@example.com,$2b$12$dummyscalehash,First155,Last155
user156@example.com,$2b$12$dummyscalehash,First156,Last156
user157@example.com,$2b$12$dummyscalehash,First157,Last157
user158@example.com,$2b$12$dummyscalehash,First158,Last158
user159@example.com,$2b$12$dummyscalehash,First159,Last159
user160@example.com,$2b$12$dummyscalehash,First160,Last160
user161@example.com,$2b$12$dummyscalehash,First161,Last161
user162@example.com,$2b$12$dummyscalehash,First162,Last162
user163@example.com,$2b$12$dummyscalehash,First163,Last163
user164@example.com,$2b$12$dummyscalehash,First164,Last164
user165@example.com,$2b$12$dummyscalehash,First165,Last165
user166@example.com,$2b$12$dummyscalehash,First166,Last166
user167@example.com,$2b$12$dummyscalehash,First167,Last167
user168@example.com,$2b$12$dummyscalehash,First168,Last168
user169@example.com,$2b$12$dummyscalehash,First169,Last169
user170@example.com,$2b$12$dummyscalehash,First170,Last170
user171@example.com,$2b$12$dummyscalehash,First171,Last171
user172@example.com,$2b$12$dummyscalehash,First172,Last172
user173@example.com,$2b$12$dummyscalehash,First173,Last173
user174@example.com,$2b$12$dummyscalehash,First174,Last174
user175@example.com,$2b$12$dummyscalehash,First175,Last175
user176@example.com,$2b$12$dummyscalehash,First176,Last176
user177@example.com,$2b$12$dummyscalehash,First177,Last177
user178@example.com,$2b$12$dummyscalehash,First178,Last178
user179@example.com,$2b$12$dummyscalehash,First179,Last179
user180@example.com,$2b$12$dummyscalehash,First180,Last180
user181@example.com,$2b$12$dummyscalehash,First181,Last181
user182@example.com,$2b$12$dummyscalehash,First182,Last182
user183@example.com,$2b$12$dummyscalehash,First183,Last183
user184@example.com,$2b$12$dummyscalehash,First184,Last184
user185@example.com,$2b$12$dummyscalehash,First185,Last185
user186@example.com,$2b$12$dummyscalehash,First186,Last186
user187@example.com,$2b$12$dummyscalehash,First187,Last187
user188@example.com,$2b$12$dummyscalehash,First188,Last188
user189@example.com,$2b$12$dummyscalehash,First189,Last189
user190@example.com,$2b$12$dummyscalehash,First190,Last190
user191@example.com,$2b$12$dummyscalehash,First191,Last191
user192@example.com,$2b$12$dummyscalehash,First192,Last192
user193@example.com,$2b$12$dummyscalehash,First193,Last193
user194@example.com,$2b$12$dummyscalehash,First194,Last194
user195@example.com,$2b$12$dummyscalehash,First195,Last195
user196@example.com,$2b$12$dummyscalehash,First196,Last196
user197@example.com,$2b$12$dummyscalehash,First197,Last197
user198@example.com,$2b$12$dummyscalehash,First198,Last198
user199@example.com,$2b$12$dummyscalehash,First199,Last199
user200@example.com,$2b$12$dummyscalehash,First200,Last200
user201@example.com,$2b$12$dummyscalehash,First201,Last201
user202@example.com,$2b$12$dummyscalehash,First202,Last202
user203@example.com,$2b$12$dummyscalehash,First203,Last203
user204@example.com,$2b$12$dummyscalehash,First204,Last204
user205@example.com,$2b$12$dummyscalehash,First205,Last205
user206@example.com,$2b$12$dummyscalehash,First206,Last206
user207@example.com,$2b$12$dummyscalehash,First207,Last207
user208@example.com,$2b$12$dummyscalehash,First208,Last208
user209@example.com,$2b$12$dummyscalehash,First209,Last209
user210@example.com,$2b$12$dummyscalehash,First210,Last210
user211@example.com,$2b$12$dummyscalehash,First211,Last211
user212@example.com,$2b$12$dummyscalehash,First212,Last212
user213@example.com,$2b$12$dummyscalehash,First213,Last213
user214@example.com,$2b$12$dummyscalehash,First214,Last214
user215@example.com,$2b$12$dummyscalehash,First215,Last215
user216@example.com,$2b$12$dummyscalehash,First216,Last216
user217@example.com,$2b$12$dummyscalehash,First217,Last217
user218@example.com,$2b$12$dummyscalehash,First218,Last218
user219@example.com,$2b$12$dummyscalehash,First219,Last219
user220@example.com,$2b$12$dummyscalehash,First220,Last220
user221@example.com,$2b$12$dummyscalehash,First221,Last221
user222@example.com,$2b$12$dummyscalehash,First222,Last222
user223@example.com,$2b$12$dummyscalehash,First223,Last223
user224@example.com,$2b$12$dummyscalehash,First224,Last224
user225@example.com,$2b$12$dummyscalehash,First225,Last225
user226@example.com,$2b$12$dummyscalehash,First226,Last226
user227@example.com,$2b$12$dummyscalehash,First227,Last227
user228@example.com,$2b$12$dummyscalehash,First228,Last228
user229@example.com,$2b$12$dummyscalehash,First229,Last229
user230@example.com,$2b$12$dummyscalehash,First230,Last230
user231@example.com,$2b$12$dummyscalehash,First231,Last231
user232@example.com,$2b$12$dummyscalehash,First232,Last232
user233@example.com,$2b$12$dummyscalehash,First233,Last233
user234@example.com,$2b$12$dummyscalehash,First234,Last234
user235@example.com,$2b$12$dummyscalehash,First235,Last235
user236@example.com,$2b$12$dummyscalehash,First236,Last236
user237@example.com,$2b$12$dummyscalehash,First237,Last237
user238@example.com,$2b$12$dummyscalehash,First238,Last238
user239@example.com,$2b$12$dummyscalehash,First239,Last239
user240@example.com,$2b$12$dummyscalehash,First240,Last240
user241@example.com,$2b$12$dummyscalehash,First241,Last241
user242@example.com,$2b$12$dummyscalehash,First242,Last242
user243@example.com,$2b$12$dummyscalehash,First243,Last243
user244@example.com,$2b$12$dummyscalehash,First244,Last244
user245@example.com,$2b$12$dummyscalehash,First245,Last245
user246@example.com,$2b$12$dummyscalehash,First246,Last246
user247@example.com,$2b$12$dummyscalehash,First247,Last247
user248@example.com,$2b$12$dummyscalehash,First248,Last248
user249@example.com,$2b$12$dummyscalehash,First249,Last249
user250@example.com,$2b$12$dummyscalehash,First250,Last250
user251@example.com,$2b$12$dummyscalehash,First251,Last251
user252@example.com,$2b$12$dummyscalehash,First252,Last252
user253@example.com,$2b$12$dummyscalehash,First253,Last253
user254@example.com,$2b$12$dummyscalehash,First254,Last254
user255@example.com,$2b$12$dummyscalehash,First255,Last255
user256@example.com,$2b$12$dummyscalehash,First256,Last256
user257@example.com,$2b$12$dummyscalehash,First257,Last257
user258@example.com,$2b$12$dummyscalehash,First258,Last258
user259@example.com,$2b$12$dummyscalehash,First259,Last259
user260@example.com,$2b$12$dummyscalehash,First260,Last260
user261@example.com,$2b$12$dummyscalehash,First261,Last261
user262@example.com,$2b$12$dummyscalehash,First262,Last262
user263@example.com,$2b$12$dummyscalehash,First263,Last263
user264@example.com,$2b$12$dummyscalehash,First264,Last264
user265@example.com,$2b$12$dummyscalehash,First265,Last265
user266@example.com,$2b$12$dummyscalehash,First266,Last266
user267@example.com,$2b$12$dummyscalehash,First267,Last267
user268@example.com,$2b$12$dummyscalehash,First268,Last268
user269@example.com,$2b$12$dummyscalehash,First269,Last269
user270@example.com,$2b$12$dummyscalehash,First270,Last270
user271@example.com,$2b$12$dummyscalehash,First271,Last271
user272@example.com,$2b$12$dummyscalehash,First272,Last272
user273@example.com,$2b$12$dummyscalehash,First273,Last273
user274@example.com,$2b$12$dummyscalehash,First274,Last274
user275@example.com,$2b$12$dummyscalehash,First275,Last275
user276@example.com,$2b$12$dummyscalehash,First276,Last276
user277@example.com,$2b$12$dummyscalehash,First277,Last277
user278@example.com,$2b$12$dummyscalehash,First278,Last278
user279@example.com,$2b$12$dummyscalehash,First279,Last279
user280@example.com,$2b$12$dummyscalehash,First280,Last280
user281@example.com,$2b$12$dummyscalehash,First281,Last281
user282@example.com,$2b$12$dummyscalehash,First282,Last282
user283@example.com,$2b$12$dummyscalehash,First283,Last283
user284@example.com,$2b$12$dummyscalehash,First284,Last284
user285@example.com,$2b$12$dummyscalehash,First285,Last285
user286@example.com,$2b$12$dummyscalehash,First286,Last286
user287@example.com,$2b$12$dummyscalehash,First287,Last287
user288@example.com,$2b$12$dummyscalehash,First288,Last288
user289@example.com,$2b$12$dummyscalehash,First289,Last289
user290@example.com,$2b$12$dummyscalehash,First290,Last290
user291@example.com,$2b$12$dummyscalehash,First291,Last291
user292@example.com,$2b$12$dummyscalehash,First292,Last292
user293@example.com,$2b$12$dummyscalehash,First293,Last293
user294@example.com,$2b$12$dummyscalehash,First294,Last294
user295@example.com,$2b$12$dummyscalehash,First295,Last295
user296@example.com,$2b$12$dummyscalehash,First296,Last296
user297@example.com,$2b$12$dummyscalehash,First297,Last297
user298@example.com,$2b$12$dummyscalehash,First298,Last298
user299@example.com,$2b$12$dummyscalehash,First299,Last299
user300@example.com,$2b$12$dummyscalehash,First300,Last300
user301@example.com,$2b$12$dummyscalehash,First301,Last301
user302@example.com,$2b$12$dummyscalehash,First302,Last302
user303@example.com,$2b$12$dummyscalehash,First303,Last303
user304@example.com,$2b$12$dummyscalehash,First304,Last304
user305@example.com,$2b$12$dummyscalehash,First305,Last305
user306@example.com,$2b$12$dummyscalehash,First306,Last306
user307@example.com,$2b$12$dummyscalehash,First307,Last307
user308@example.com,$2b$12$dummyscalehash,First308,Last308
user309@example.com,$2b$12$dummyscalehash,First309,Last309
user310@example.com,$2b$12$dummyscalehash,First310,Last310
user311@example.com,$2b$12$dummyscalehash,First311,Last311
user312@example.com,$2b$12$dummyscalehash,First312,Last312
user313@example.com,$2b$12$dummyscalehash,First313,Last313
user314@example.com,$2b$12$dummyscalehash,First314,Last314
user315@example.com,$2b$12$dummyscalehash,First315,Last315
user316@example.com,$2b$12$dummyscalehash,First316,Last316
user317@example.com,$2b$12$dummyscalehash,First317,Last317
user318@example.com,$2b$12$dummyscalehash,First318,Last318
user319@example.com,$2b$12$dummyscalehash,First319,Last319
user320@example.com,$2b$12$dummyscalehash,First320,Last320
user321@example.com,$2b$12$dummyscalehash,First321,Last321
user322@example.com,$2b$12$dummyscalehash,First322,Last322
user323@example.com,$2b$12$dummyscalehash,First323,Last323
user324@example.com,$2b$12$dummyscalehash,First324,Last324
user325@example.com,$2b$12$dummyscalehash,First325,Last325
user326@example.com,$2b$12$dummyscalehash,First326,Last326
user327@example.com,$2b$12$dummyscalehash,First327,Last327
user328@example.com,$2b$12$dummyscalehash,First328,Last328
user329@example.com,$2b$12$dummyscalehash,First329,Last329
user330@example.com,$2b$12$dummyscalehash,First330,Last330
user331@example.com,$2b$12$dummyscalehash,First331,Last331
user332@example.com,$2b$12$dummyscalehash,First332,Last332
user333@example.com,$2b$12$dummyscalehash,First333,Last333
user334@example.com,$2b$12$dummyscalehash,First334,Last334
user335@example.com,$2b$12$dummyscalehash,First335,Last335
user336@example.com,$2b$12$dummyscalehash,First336,Last336
user337@example.com,$2b$12$dummyscalehash,First337,Last337
user338@example.com,$2b$12$dummyscalehash,First338,Last338
user339@example.com,$2b$12$dummyscalehash,First339,Last339
user340@example.com,$2b$12$dummyscalehash,First340,Last340
user341@example.com,$2b$12$dummyscalehash,First341,Last341
user342@example.com,$2b$12$dummyscalehash,First342,Last342
user343@example.com,$2b$12$dummyscalehash,First343,Last343
user344@example.com,$2b$12$dummyscalehash,First344,Last344
user345@example.com,$2b$12$dummyscalehash,First345,Last345
user346@example.com,$2b$12$dummyscalehash,First346,Last346
user347@example.com,$2b$12$dummyscalehash,First347,Last347
user348@example.com,$2b$12$dummyscalehash,First348,Last348
user349@example.com,$2b$12$dummyscalehash,First349,Last349
user350@example.com,$2b$12$dummyscalehash,First350,Last350
user351@example.com,$2b$12$dummyscalehash,First351,Last351
user352@example.com,$2b$12$dummyscalehash,First352,Last352
user353@example.com,$2b$12$dummyscalehash,First353,Last353
user354@example.com,$2b$12$dummyscalehash,First354,Last354
user355@example.com,$2b$12$dummyscalehash,First355,Last355
user356@example.com,$2b$12$dummyscalehash,First356,Last356
user357@example.com,$2b$12$dummyscalehash,First357,Last357
user358@example.com,$2b$12$dummyscalehash,First358,Last358
user359@example.com,$2b$12$dummyscalehash,First359,Last359
user360@example.com,$2b$12$dummyscalehash,First360,Last360
user361@example.com,$2b$12$dummyscalehash,First361,Last361
user362@example.com,$2b$12$dummyscalehash,First362,Last362
user363@example.com,$2b$12$dummyscalehash,First363,Last363
user364@example.com,$2b$12$dummyscalehash,First364,Last364
user365@example.com,$2b$12$dummyscalehash,First365,Last365
user366@example.com,$2b$12$dummyscalehash,First366,Last366
user367@example.com,$2b$12$dummyscalehash,First367,Last367
user368@example.com,$2b$12$dummyscalehash,First368,Last368
user369@example.com,$2b$12$dummyscalehash,First369,Last369
user370@example.com,$2b$12$dummyscalehash,First370,Last370
user371@example.com,$2b$12$dummyscalehash,First371,Last371
user372@example.com,$2b$12$dummyscalehash,First372,Last372
user373@example.com,$2b$12$dummyscalehash,First373,Last373
user374@example.com,$2b$12$dummyscalehash,First374,Last374
user375@example.com,$2b$12$dummyscalehash,First375,Last375
user376@example.com,$2b$12$dummyscalehash,First376,Last376
user377@example.com,$2b$12$dummyscalehash,First377,Last377
user378@example.com,$2b$12$dummyscalehash,First378,Last378
user379@example.com,$2b$12$dummyscalehash,First379,Last379
user380@example.com,$2b$12$dummyscalehash,First380,Last380
user381@example.com,$2b$12$dummyscalehash,First381,Last381
user382@example.com,$2b$12$dummyscalehash,First382,Last382
user383@example.com,$2b$12$dummyscalehash,First383,Last383
user384@example.com,$2b$12$dummyscalehash,First384,Last384
user385@example.com,$2b$12$dummyscalehash,First385,Last385
user386@example.com,$2b$12$dummyscalehash,First386,Last386
user387@example.com,$2b$12$dummyscalehash,First387,Last387
user388@example.com,$2b$12$dummyscalehash,First388,Last388
user389@example.com,$2b$12$dummyscalehash,First389,Last389
user390@example.com,$2b$12$dummyscalehash,First390,Last390
user391@example.com,$2b$12$dummyscalehash,First391,Last391
user392@example.com,$2b$12$dummyscalehash,First392,Last392
user393@example.com,$2b$12$dummyscalehash,First393,Last393
user394@example.com,$2b$12$dummyscalehash,First394,Last394
user395@example.com,$2b$12$dummyscalehash,First395,Last395
user396@example.com,$2b$12$dummyscalehash,First396,Last396
user397@example.com,$2b$12$dummyscalehash,First397,Last397
user398@example.com,$2b$12$dummyscalehash,First398,Last398
user399@example.com,$2b$12$dummyscalehash,First399,Last399
user400@example.com,$2b$12$dummyscalehash,First400,Last400
user401@example.com,$2b$12$dummyscalehash,First401,Last401
user402@example.com,$2b$12$dummyscalehash,First402,Last402
user403@example.com,$2b$12$dummyscalehash,First403,Last403
user404@example.com,$2b$12$dummyscalehash,First404,Last404
user405@example.com,$2b$12$dummyscalehash,First405,Last405
user406@example.com,$2b$12$dummyscalehash,First406,Last406
user407@example.com,$2b$12$dummyscalehash,First407,Last407
user408@example.com,$2b$12$dummyscalehash,First408,Last408
user409@example.com,$2b$12$dummyscalehash,First409,Last409
user410@example.com,$2b$12$dummyscalehash,First410,Last410
user411@example.com,$2b$12$dummyscalehash,First411,Last411
user412@example.com,$2b$12$dummyscalehash,First412,Last412
user413@example.com,$2b$12$dummyscalehash,First413,Last413
user414@example.com,$2b$12$dummyscalehash,First414,Last414
user415@example.com,$2b$12$dummyscalehash,First415,Last415
user416@example.com,$2b$12$dummyscalehash,First416,Last416
user417@example.com,$2b$12$dummyscalehash,First417,Last417
user418@example.com,$2b$12$dummyscalehash,First418,Last418
user419@example.com,$2b$12$dummyscalehash,First419,Last419
user420@example.com,$2b$12$dummyscalehash,First420,Last420
user421@example.com,$2b$12$dummyscalehash,First421,Last421
user422@example.com,$2b$12$dummyscalehash,First422,Last422
user423@example.com,$2b$12$dummyscalehash,First423,Last423
user424@example.com,$2b$12$dummyscalehash,First424,Last424
user425@example.com,$2b$12$dummyscalehash,First425,Last425
user426@example.com,$2b$12$dummyscalehash,First426,Last426
user427@example.com,$2b$12$dummyscalehash,First427,Last427
user428@example.com,$2b$12$dummyscalehash,First428,Last428
user429@example.com,$2b$12$dummyscalehash,First429,Last429
user430@example.com,$2b$12$dummyscalehash,First430,Last430
user431@example.com,$2b$12$dummyscalehash,First431,Last431
user432@example.com,$2b$12$dummyscalehash,First432,Last432
user433@example.com,$2b$12$dummyscalehash,First433,Last433
user434@example.com,$2b$12$dummyscalehash,First434,Last434
user435@example.com,$2b$12$dummyscalehash,First435,Last435
user436@example.com,$2b$12$dummyscalehash,First436,Last436
user437@example.com,$2b$12$dummyscalehash,First437,Last437
user438@example.com,$2b$12$dummyscalehash,First438,Last438
user439@example.com,$2b$12$dummyscalehash,First439,Last439
user440@example.com,$2b$12$dummyscalehash,First440,Last440
user441@example.com,$2b$12$dummyscalehash,First441,Last441
user442@example.com,$2b$12$dummyscalehash,First442,Last442
user443@example.com,$2b$12$dummyscalehash,First443,Last443
user444@example.com,$2b$12$dummyscalehash,First444,Last444
user445@example.com,$2b$12$dummyscalehash,First445,Last445
user446@example.com,$2b$12$dummyscalehash,First446,Last446
user447@example.com,$2b$12$dummyscalehash,First447,Last447
user448@example.com,$2b$12$dummyscalehash,First448,Last448
user449@example.com,$2b$12$dummyscalehash,First449,Last449
user450@example.com,$2b$12$dummyscalehash,First450,Last450
user451@example.com,$2b$12$dummyscalehash,First451,Last451
user452@example.com,$2b$12$dummyscalehash,First452,Last452
user453@example.com,$2b$12$dummyscalehash,First453,Last453
user454@example.com,$2b$12$dummyscalehash,First454,Last454
user455@example.com,$2b$12$dummyscalehash,First455,Last455
user456@example.com,$2b$12$dummyscalehash,First456,Last456
user457@example.com,$2b$12$dummyscalehash,First457,Last457
user458@example.com,$2b$12$dummyscalehash,First458,Last458
user459@example.com,$2b$12$dummyscalehash,First459,Last459
user460@example.com,$2b$12$dummyscalehash,First460,Last460
user461@example.com,$2b$12$dummyscalehash,First461,Last461
user462@example.com,$2b$12$dummyscalehash,First462,Last462
user463@example.com,$2b$12$dummyscalehash,First463,Last463
user464@example.com,$2b$12$dummyscalehash,First464,Last464
user465@example.com,$2b$12$dummyscalehash,First465,Last465
user466@example.com,$2b$12$dummyscalehash,First466,Last466
user467@example.com,$2b$12$dummyscalehash,First467,Last467
user468@example.com,$2b$12$dummyscalehash,First468,Last468
user469@example.com,$2b$12$dummyscalehash,First469,Last469
user470@example.com,$2b$12$dummyscalehash,First470,Last470
user471@example.com,$2b$12$dummyscalehash,First471,Last471
user472@example.com,$2b$12$dummyscalehash,First472,Last472
user473@example.com,$2b$12$dummyscalehash,First473,Last473
user474@example.com,$2b$12$dummyscalehash,First474,Last474
user475@example.com,$2b$12$dummyscalehash,First475,Last475
user476@example.com,$2b$12$dummyscalehash,First476,Last476
user477@example.com,$2b$12$dummyscalehash,First477,Last477
user478@example.com,$2b$12$dummyscalehash,First478,Last478
user479@example.com,$2b$12$dummyscalehash,First479,Last479
user480@example.com,$2b$12$dummyscalehash,First480,Last480
user481@example.com,$2b$12$dummyscalehash,First481,Last481
user482@example.com,$2b$12$dummyscalehash,First482,Last482
user483@example.com,$2b$12$dummyscalehash,First483,Last483
user484@example.com,$2b$12$dummyscalehash,First484,Last484
user485@example.com,$2b$12$dummyscalehash,First485,Last485
user486@example.com,$2b$12$dummyscalehash,First486,Last486
user487@example.com,$2b$12$dummyscalehash,First487,Last487
user488@example.com,$2b$12$dummyscalehash,First488,Last488
user489@example.com,$2b$12$dummyscalehash,First489,Last489
user490@example.com,$2b$12$dummyscalehash,First490,Last490
user491@example.com,$2b$12$dummyscalehash,First491,Last491
user492@example.com,$2b$12$dummyscalehash,First492,Last492
user493@example.com,$2b$12$dummyscalehash,First493,Last493
user494@example.com,$2b$12$dummyscalehash,First494,Last494
user495@example.com,$2b$12$dummyscalehash,First495,Last495
user496@example.com,$2b$12$dummyscalehash,First496,Last496
user497@example.com,$2b$12$dummyscalehash,First497,Last497
user498@example.com,$2b$12$dummyscalehash,First498,Last498
user499@example.com,$2b$12$dummyscalehash,First499,Last499
user500@example.com,$2b$12$dummyscalehash,First500,Last500
user501@example.com,$2b$12$dummyscalehash,First501,Last501
user502@example.com,$2b$12$dummyscalehash,First502,Last502
user503@example.com,$2b$12$dummyscalehash,First503,Last503
user504@example.com,$2b$12$dummyscalehash,First504,Last504
user505@example.com,$2b$12$dummyscalehash,First505,Last505
user506@example.com,$2b$12$dummyscalehash,First506,Last506
user507@example.com,$2b$12$dummyscalehash,First507,Last507
user508@example.com,$2b$12$dummyscalehash,First508,Last508
user509@example.com,$2b$12$dummyscalehash,First509,Last509
user510@example.com,$2b$12$dummyscalehash,First510,Last510
user511@example.com,$2b$12$dummyscalehash,First511,Last511
user512@example.com,$2b$12$dummyscalehash,First512,Last512
user513@example.com,$2b$12$dummyscalehash,First513,Last513
user514@example.com,$2b$12$dummyscalehash,First514,Last514
user515@example.com,$2b$12$dummyscalehash,First515,Last515
user516@example.com,$2b$12$dummyscalehash,First516,Last516
user517@example.com,$2b$12$dummyscalehash,First517,Last517
user518@example.com,$2b$12$dummyscalehash,First518,Last518
user519@example.com,$2b$12$dummyscalehash,First519,Last519
user520@example.com,$2b$12$dummyscalehash,First520,Last520
user521@example.com,$2b$12$dummyscalehash,First521,Last521
user522@example.com,$2b$12$dummyscalehash,First522,Last522
user523@example.com,$2b$12$dummyscalehash,First523,Last523
user524@example.com,$2b$12$dummyscalehash,First524,Last524
user525@example.com,$2b$12$dummyscalehash,First525,Last525
user526@example.com,$2b$12$dummyscalehash,First526,Last526
user527@example.com,$2b$12$dummyscalehash,First527,Last527
user528@example.com,$2b$12$dummyscalehash,First528,Last528
user529@example.com,$2b$12$dummyscalehash,First529,Last529
user530@example.com,$2b$12$dummyscalehash,First530,Last530
user531@example.com,$2b$12$dummyscalehash,First531,Last531
user532@example.com,$2b$12$dummyscalehash,First532,Last532
user533@example.com,$2b$12$dummyscalehash,First533,Last533
user534@example.com,$2b$12$dummyscalehash,First534,Last534
user535@example.com,$2b$12$dummyscalehash,First535,Last535
user536@example.com,$2b$12$dummyscalehash,First536,Last536
user537@example.com,$2b$12$dummyscalehash,First537,Last537
user538@example.com,$2b$12$dummyscalehash,First538,Last538
user539@example.com,$2b$12$dummyscalehash,First539,Last539
user540@example.com,$2b$12$dummyscalehash,First540,Last540
user541@example.com,$2b$12$dummyscalehash,First541,Last541
user542@example.com,$2b$12$dummyscalehash,First542,Last542
user543@example.com,$2b$12$dummyscalehash,First543,Last543
user544@example.com,$2b$12$dummyscalehash,First544,Last544
user545@example.com,$2b$12$dummyscalehash,First545,Last545
user546@example.com,$2b$12$dummyscalehash,First546,Last546
user547@example.com,$2b$12$dummyscalehash,First547,Last547
user548@example.com,$2b$12$dummyscalehash,First548,Last548
user549@example.com,$2b$12$dummyscalehash,First549,Last549
user550@example.com,$2b$12$dummyscalehash,First550,Last550
user551@example.com,$2b$12$dummyscalehash,First551,Last551
user552@example.com,$2b$12$dummyscalehash,First552,Last552
user553@example.com,$2b$12$dummyscalehash,First553,Last553
user554@example.com,$2b$12$dummyscalehash,First554,Last554
user555@example.com,$2b$12$dummyscalehash,First555,Last555
user556@example.com,$2b$12$dummyscalehash,First556,Last556
user557@example.com,$2b$12$dummyscalehash,First557,Last557
user558@example.com,$2b$12$dummyscalehash,First558,Last558
user559@example.com,$2b$12$dummyscalehash,First559,Last559
user560@example.com,$2b$12$dummyscalehash,First560,Last560
user561@example.com,$2b$12$dummyscalehash,First561,Last561
user562@example.com,$2b$12$dummyscalehash,First562,Last562
user563@example.com,$2b$12$dummyscalehash,First563,Last563
user564@example.com,$2b$12$dummyscalehash,First564,Last564
user565@example.com,$2b$12$dummyscalehash,First565,Last565
user566@example.com,$2b$12$dummyscalehash,First566,Last566
user567@example.com,$2b$12$dummyscalehash,First567,Last567
user568@example.com,$2b$12$dummyscalehash,First568,Last568
user569@example.com,$2b$12$dummyscalehash,First569,Last569
user570@example.com,$2b$12$dummyscalehash,First570,Last570
user571@example.com,$2b$12$dummyscalehash,First571,Last571
user572@example.com,$2b$12$dummyscalehash,First572,Last572
user573@example.com,$2b$12$dummyscalehash,First573,Last573
user574@example.com,$2b$12$dummyscalehash,First574,Last574
user575@example.com,$2b$12$dummyscalehash,First575,Last575
user576@example.com,$2b$12$dummyscalehash,First576,Last576
user577@example.com,$2b$12$dummyscalehash,First577,Last577
user578@example.com,$2b$12$dummyscalehash,First578,Last578
user579@example.com,$2b$12$dummyscalehash,First579,Last579
user580@example.com,$2b$12$dummyscalehash,First580,Last580
user581@example.com,$2b$12$dummyscalehash,First581,Last581
user582@example.com,$2b$12$dummyscalehash,First582,Last582
user583@example.com,$2b$12$dummyscalehash,First583,Last583
user584@example.com,$2b$12$dummyscalehash,First584,Last584
user585@example.com,$2b$12$dummyscalehash,First585,Last585
user586@example.com,$2b$12$dummyscalehash,First586,Last586
user587@example.com,$2b$12$dummyscalehash,First587,Last587
user588@example.com,$2b$12$dummyscalehash,First588,Last588
user589@example.com,$2b$12$dummyscalehash,First589,Last589
user590@example.com,$2b$12$dummyscalehash,First590,Last590
user591@example.com,$2b$12$dummyscalehash,First591,Last591
user592@example.com,$2b$12$dummyscalehash,First592,Last592
user593@example.com,$2b$12$dummyscalehash,First593,Last593
user594@example.com,$2b$12$dummyscalehash,First594,Last594
user595@example.com,$2b$12$dummyscalehash,First595,Last595
user596@example.com,$2b$12$dummyscalehash,First596,Last596
user597@example.com,$2b$12$dummyscalehash,First597,Last597
user598@example.com,$2b$12$dummyscalehash,First598,Last598
user599@example.com,$2b$12$dummyscalehash,First599,Last599
user600@example.com,$2b$12$dummyscalehash,First600,Last600
user601@example.com,$2b$12$dummyscalehash,First601,Last601
user602@example.com,$2b$12$dummyscalehash,First602,Last602
user603@example.com,$2b$12$dummyscalehash,First603,Last603
user604@example.com,$2b$12$dummyscalehash,First604,Last604
user605@example.com,$2b$12$dummyscalehash,First605,Last605
user606@example.com,$2b$12$dummyscalehash,First606,Last606
user607@example.com,$2b$12$dummyscalehash,First607,Last607
user608@example.com,$2b$12$dummyscalehash,First608,Last608
user609@example.com,$2b$12$dummyscalehash,First609,Last609
user610@example.com,$2b$12$dummyscalehash,First610,Last610
user611@example.com,$2b$12$dummyscalehash,First611,Last611
user612@example.com,$2b$12$dummyscalehash,First612,Last612
user613@example.com,$2b$12$dummyscalehash,First613,Last613
user614@example.com,$2b$12$dummyscalehash,First614,Last614
user615@example.com,$2b$12$dummyscalehash,First615,Last615
user616@example.com,$2b$12$dummyscalehash,First616,Last616
user617@example.com,$2b$12$dummyscalehash,First617,Last617
user618@example.com,$2b$12$dummyscalehash,First618,Last618
user619@example.com,$2b$12$dummyscalehash,First619,Last619
user620@example.com,$2b$12$dummyscalehash,First620,Last620
user621@example.com,$2b$12$dummyscalehash,First621,Last621
user622@example.com,$2b$12$dummyscalehash,First622,Last622
user623@example.com,$2b$12$dummyscalehash,First623,Last623
user624@example.com,$2b$12$dummyscalehash,First624,Last624
user625@example.com,$2b$12$dummyscalehash,First625,Last625
user626@example.com,$2b$12$dummyscalehash,First626,Last626
user627@example.com,$2b$12$dummyscalehash,First627,Last627
user628@example.com,$2b$12$dummyscalehash,First628,Last628
user629@example.com,$2b$12$dummyscalehash,First629,Last629
user630@example.com,$2b$12$dummyscalehash,First630,Last630
user631@example.com,$2b$12$dummyscalehash,First631,Last631
user632@example.com,$2b$12$dummyscalehash,First632,Last632
user633@example.com,$2b$12$dummyscalehash,First633,Last633
user634@example.com,$2b$12$dummyscalehash,First634,Last634
user635@example.com,$2b$12$dummyscalehash,First635,Last635
user636@example.com,$2b$12$dummyscalehash,First636,Last636
user637@example.com,$2b$12$dummyscalehash,First637,Last637
user638@example.com,$2b$12$dummyscalehash,First638,Last638
user639@example.com,$2b$12$dummyscalehash,First639,Last639
user640@example.com,$2b$12$dummyscalehash,First640,Last640
user641@example.com,$2b$12$dummyscalehash,First641,Last641
user642@example.com,$2b$12$dummyscalehash,First642,Last642
user643@example.com,$2b$12$dummyscalehash,First643,Last643
user644@example.com,$2b$12$dummyscalehash,First644,Last644
user645@example.com,$2b$12$dummyscalehash,First645,Last645
user646@example.com,$2b$12$dummyscalehash,First646,Last646
user647@example.com,$2b$12$dummyscalehash,First647,Last647
user648@example.com,$2b$12$dummyscalehash,First648,Last648
user649@example.com,$2b$12$dummyscalehash,First649,Last649
user650@example.com,$2b$12$dummyscalehash,First650,Last650
user651@example.com,$2b$12$dummyscalehash,First651,Last651
user652@example.com,$2b$12$dummyscalehash,First652,Last652
user653@example.com,$2b$12$dummyscalehash,First653,Last653
user654@example.com,$2b$12$dummyscalehash,First654,Last654
user655@example.com,$2b$12$dummyscalehash,First655,Last655
user656@example.com,$2b$12$dummyscalehash,First656,Last656
user657@example.com,$2b$12$dummyscalehash,First657,Last657
user658@example.com,$2b$12$dummyscalehash,First658,Last658
user659@example.com,$2b$12$dummyscalehash,First659,Last659
user660@example.com,$2b$12$dummyscalehash,First660,Last660
user661@example.com,$2b$12$dummyscalehash,First661,Last661
user662@example.com,$2b$12$dummyscalehash,First662,Last662
user663@example.com,$2b$12$dummyscalehash,First663,Last663
user664@example.com,$2b$12$dummyscalehash,First664,Last664
user665@example.com,$2b$12$dummyscalehash,First665,Last665
user666@example.com,$2b$12$dummyscalehash,First666,Last666
user667@example.com,$2b$12$dummyscalehash,First667,Last667
user668@example.com,$2b$12$dummyscalehash,First668,Last668
user669@example.com,$2b$12$dummyscalehash,First669,Last669
user670@example.com,$2b$12$dummyscalehash,First670,Last670
user671@example.com,$2b$12$dummyscalehash,First671,Last671
user672@example.com,$2b$12$dummyscalehash,First672,Last672
user673@example.com,$2b$12$dummyscalehash,First673,Last673
user674@example.com,$2b$12$dummyscalehash,First674,Last674
user675@example.com,$2b$12$dummyscalehash,First675,Last675
user676@example.com,$2b$12$dummyscalehash,First676,Last676
user677@example.com,$2b$12$dummyscalehash,First677,Last677
user678@example.com,$2b$12$dummyscalehash,First678,Last678
user679@example.com,$2b$12$dummyscalehash,First679,Last679
user680@example.com,$2b$12$dummyscalehash,First680,Last680
user681@example.com,$2b$12$dummyscalehash,First681,Last681
user682@example.com,$2b$12$dummyscalehash,First682,Last682
user683@example.com,$2b$12$dummyscalehash,First683,Last683
user684@example.com,$2b$12$dummyscalehash,First684,Last684
user685@example.com,$2b$12$dummyscalehash,First685,Last685
user686@example.com,$2b$12$dummyscalehash,First686,Last686
user687@example.com,$2b$12$dummyscalehash,First687,Last687
user688@example.com,$2b$12$dummyscalehash,First688,Last688
user689@example.com,$2b$12$dummyscalehash,First689,Last689
user690@example.com,$2b$12$dummyscalehash,First690,Last690
user691@example.com,$2b$12$dummyscalehash,First691,Last691
user692@example.com,$2b$12$dummyscalehash,First692,Last692
user693@example.com,$2b$12$dummyscalehash,First693,Last693
user694@example.com,$2b$12$dummyscalehash,First694,Last694
user695@example.com,$2b$12$dummyscalehash,First695,Last695
user696@example.com,$2b$12$dummyscalehash,First696,Last696
user697@example.com,$2b$12$dummyscalehash,First697,Last697
user698@example.com,$2b$12$dummyscalehash,First698,Last698
user699@example.com,$2b$12$dummyscalehash,First699,Last699
user700@example.com,$2b$12$dummyscalehash,First700,Last700
user701@example.com,$2b$12$dummyscalehash,First701,Last701
user702@example.com,$2b$12$dummyscalehash,First702,Last702
user703@example.com,$2b$12$dummyscalehash,First703,Last703
user704@example.com,$2b$12$dummyscalehash,First704,Last704
user705@example.com,$2b$12$dummyscalehash,First705,Last705
user706@example.com,$2b$12$dummyscalehash,First706,Last706
user707@example.com,$2b$12$dummyscalehash,First707,Last707
user708@example.com,$2b$12$dummyscalehash,First708,Last708
user709@example.com,$2b$12$dummyscalehash,First709,Last709
user710@example.com,$2b$12$dummyscalehash,First710,Last710
user711@example.com,$2b$12$dummyscalehash,First711,Last711
user712@example.com,$2b$12$dummyscalehash,First712,Last712
user713@example.com,$2b$12$dummyscalehash,First713,Last713
user714@example.com,$2b$12$dummyscalehash,First714,Last714
user715@example.com,$2b$12$dummyscalehash,First715,Last715
user716@example.com,$2b$12$dummyscalehash,First716,Last716
user717@example.com,$2b$12$dummyscalehash,First717,Last717
user718@example.com,$2b$12$dummyscalehash,First718,Last718
user719@example.com,$2b$12$dummyscalehash,First719,Last719
user720@example.com,$2b$12$dummyscalehash,First720,Last720
user721@example.com,$2b$12$dummyscalehash,First721,Last721
user722@example.com,$2b$12$dummyscalehash,First722,Last722
user723@example.com,$2b$12$dummyscalehash,First723,Last723
user724@example.com,$2b$12$dummyscalehash,First724,Last724
user725@example.com,$2b$12$dummyscalehash,First725,Last725
user726@example.com,$2b$12$dummyscalehash,First726,Last726
user727@example.com,$2b$12$dummyscalehash,First727,Last727
user728@example.com,$2b$12$dummyscalehash,First728,Last728
user729@example.com,$2b$12$dummyscalehash,First729,Last729
user730@example.com,$2b$12$dummyscalehash,First730,Last730
user731@example.com,$2b$12$dummyscalehash,First731,Last731
user732@example.com,$2b$12$dummyscalehash,First732,Last732
user733@example.com,$2b$12$dummyscalehash,First733,Last733
user734@example.com,$2b$12$dummyscalehash,First734,Last734
user735@example.com,$2b$12$dummyscalehash,First735,Last735
user736@example.com,$2b$12$dummyscalehash,First736,Last736
user737@example.com,$2b$12$dummyscalehash,First737,Last737
user738@example.com,$2b$12$dummyscalehash,First738,Last738
user739@example.com,$2b$12$dummyscalehash,First739,Last739
user740@example.com,$2b$12$dummyscalehash,First740,Last740
user741@example.com,$2b$12$dummyscalehash,First741,Last741
user742@example.com,$2b$12$dummyscalehash,First742,Last742
user743@example.com,$2b$12$dummyscalehash,First743,Last743
user744@example.com,$2b$12$dummyscalehash,First744,Last744
user745@example.com,$2b$12$dummyscalehash,First745,Last745
user746@example.com,$2b$12$dummyscalehash,First746,Last746
user747@example.com,$2b$12$dummyscalehash,First747,Last747
user748@example.com,$2b$12$dummyscalehash,First748,Last748
user749@example.com,$2b$12$dummyscalehash,First749,Last749
user750@example.com,$2b$12$dummyscalehash,First750,Last750
user751@example.com,$2b$12$dummyscalehash,First751,Last751
user752@example.com,$2b$12$dummyscalehash,First752,Last752
user753@example.com,$2b$12$dummyscalehash,First753,Last753
user754@example.com,$2b$12$dummyscalehash,First754,Last754
user755@example.com,$2b$12$dummyscalehash,First755,Last755
user756@example.com,$2b$12$dummyscalehash,First756,Last756
user757@example.com,$2b$12$dummyscalehash,First757,Last757
user758@example.com,$2b$12$dummyscalehash,First758,Last758
user759@example.com,$2b$12$dummyscalehash,First759,Last759
user760@example.com,$2b$12$dummyscalehash,First760,Last760
user761@example.com,$2b$12$dummyscalehash,First761,Last761
user762@example.com,$2b$12$dummyscalehash,First762,Last762
user763@example.com,$2b$12$dummyscalehash,First763,Last763
user764@example.com,$2b$12$dummyscalehash,First764,Last764
user765@example.com,$2b$12$dummyscalehash,First765,Last765
user766@example.com,$2b$12$dummyscalehash,First766,Last766
user767@example.com,$2b$12$dummyscalehash,First767,Last767
user768@example.com,$2b$12$dummyscalehash,First768,Last768
user769@example.com,$2b$12$dummyscalehash,First769,Last769
user770@example.com,$2b$12$dummyscalehash,First770,Last770
user771@example.com,$2b$12$dummyscalehash,First771,Last771
user772@example.com,$2b$12$dummyscalehash,First772,Last772
user773@example.com,$2b$12$dummyscalehash,First773,Last773
user774@example.com,$2b$12$dummyscalehash,First774,Last774
user775@example.com,$2b$12$dummyscalehash,First775,Last775
user776@example.com,$2b$12$dummyscalehash,First776,Last776
user777@example.com,$2b$12$dummyscalehash,First777,Last777
user778@example.com,$2b$12$dummyscalehash,First778,Last778
user779@example.com,$2b$12$dummyscalehash,First779,Last779
user780@example.com,$2b$12$dummyscalehash,First780,Last780
user781@example.com,$2b$12$dummyscalehash,First781,Last781
user782@example.com,$2b$12$dummyscalehash,First782,Last782
user783@example.com,$2b$12$dummyscalehash,First783,Last783
user784@example.com,$2b$12$dummyscalehash,First784,Last784
user785@example.com,$2b$12$dummyscalehash,First785,Last785
user786@example.com,$2b$12$dummyscalehash,First786,Last786
user787@example.com,$2b$12$dummyscalehash,First787,Last787
user788@example.com,$2b$12$dummyscalehash,First788,Last788
user789@example.com,$2b$12$dummyscalehash,First789,Last789
user790@example.com,$2b$12$dummyscalehash,First790,Last790
user791@example.com,$2b$12$dummyscalehash,First791,Last791
user792@example.com,$2b$12$dummyscalehash,First792,Last792
user793@example.com,$2b$12$dummyscalehash,First793,Last793
user794@example.com,$2b$12$dummyscalehash,First794,Last794
user795@example.com,$2b$12$dummyscalehash,First795,Last795
user796@example.com,$2b$12$dummyscalehash,First796,Last796
user797@example.com,$2b$12$dummyscalehash,First797,Last797
user798@example.com,$2b$12$dummyscalehash,First798,Last798
user799@example.com,$2b$12$dummyscalehash,First799,Last799
user800@example.com,$2b$12$dummyscalehash,First800,Last800
user801@example.com,$2b$12$dummyscalehash,First801,Last801
user802@example.com,$2b$12$dummyscalehash,First802,Last802
user803@example.com,$2b$12$dummyscalehash,First803,Last803
user804@example.com,$2b$12$dummyscalehash,First804,Last804
user805@example.com,$2b$12$dummyscalehash,First805,Last805
user806@example.com,$2b$12$dummyscalehash,First806,Last806
user807@example.com,$2b$12$dummyscalehash,First807,Last807
user808@example.com,$2b$12$dummyscalehash,First808,Last808
user809@example.com,$2b$12$dummyscalehash,First809,Last809
user810@example.com,$2b$12$dummyscalehash,First810,Last810
user811@example.com,$2b$12$dummyscalehash,First811,Last811
user812@example.com,$2b$12$dummyscalehash,First812,Last812
user813@example.com,$2b$12$dummyscalehash,First813,Last813
user814@example.com,$2b$12$dummyscalehash,First814,Last814
user815@example.com,$2b$12$dummyscalehash,First815,Last815
user816@example.com,$2b$12$dummyscalehash,First816,Last816
user817@example.com,$2b$12$dummyscalehash,First817,Last817
user818@example.com,$2b$12$dummyscalehash,First818,Last818
user819@example.com,$2b$12$dummyscalehash,First819,Last819
user820@example.com,$2b$12$dummyscalehash,First820,Last820
user821@example.com,$2b$12$dummyscalehash,First821,Last821
user822@example.com,$2b$12$dummyscalehash,First822,Last822
user823@example.com,$2b$12$dummyscalehash,First823,Last823
user824@example.com,$2b$12$dummyscalehash,First824,Last824
user825@example.com,$2b$12$dummyscalehash,First825,Last825
user826@example.com,$2b$12$dummyscalehash,First826,Last826
user827@example.com,$2b$12$dummyscalehash,First827,Last827
user828@example.com,$2b$12$dummyscalehash,First828,Last828
user829@example.com,$2b$12$dummyscalehash,First829,Last829
user830@example.com,$2b$12$dummyscalehash,First830,Last830
user831@example.com,$2b$12$dummyscalehash,First831,Last831
user832@example.com,$2b$12$dummyscalehash,First832,Last832
user833@example.com,$2b$12$dummyscalehash,First833,Last833
user834@example.com,$2b$12$dummyscalehash,First834,Last834
user835@example.com,$2b$12$dummyscalehash,First835,Last835
user836@example.com,$2b$12$dummyscalehash,First836,Last836
user837@example.com,$2b$12$dummyscalehash,First837,Last837
user838@example.com,$2b$12$dummyscalehash,First838,Last838
user839@example.com,$2b$12$dummyscalehash,First839,Last839
user840@example.com,$2b$12$dummyscalehash,First840,Last840
user841@example.com,$2b$12$dummyscalehash,First841,Last841
user842@example.com,$2b$12$dummyscalehash,First842,Last842
user843@example.com,$2b$12$dummyscalehash,First843,Last843
user844@example.com,$2b$12$dummyscalehash,First844,Last844
user845@example.com,$2b$12$dummyscalehash,First845,Last845
user846@example.com,$2b$12$dummyscalehash,First846,Last846
user847@example.com,$2b$12$dummyscalehash,First847,Last847
user848@example.com,$2b$12$dummyscalehash,First848,Last848
user849@example.com,$2b$12$dummyscalehash,First849,Last849
user850@example.com,$2b$12$dummyscalehash,First850,Last850
user851@example.com,$2b$12$dummyscalehash,First851,Last851
user852@example.com,$2b$12$dummyscalehash,First852,Last852
user853@example.com,$2b$12$dummyscalehash,First853,Last853
user854@example.com,$2b$12$dummyscalehash,First854,Last854
user855@example.com,$2b$12$dummyscalehash,First855,Last855
user856@example.com,$2b$12$dummyscalehash,First856,Last856
user857@example.com,$2b$12$dummyscalehash,First857,Last857
user858@example.com,$2b$12$dummyscalehash,First858,Last858
user859@example.com,$2b$12$dummyscalehash,First859,Last859
user860@example.com,$2b$12$dummyscalehash,First860,Last860
user861@example.com,$2b$12$dummyscalehash,First861,Last861
user862@example.com,$2b$12$dummyscalehash,First862,Last862
user863@example.com,$2b$12$dummyscalehash,First863,Last863
user864@example.com,$2b$12$dummyscalehash,First864,Last864
user865@example.com,$2b$12$dummyscalehash,First865,Last865
user866@example.com,$2b$12$dummyscalehash,First866,Last866
user867@example.com,$2b$12$dummyscalehash,First867,Last867
user868@example.com,$2b$12$dummyscalehash,First868,Last868
user869@example.com,$2b$12$dummyscalehash,First869,Last869
user870@example.com,$2b$12$dummyscalehash,First870,Last870
user871@example.com,$2b$12$dummyscalehash,First871,Last871
user872@example.com,$2b$12$dummyscalehash,First872,Last872
user873@example.com,$2b$12$dummyscalehash,First873,Last873
user874@example.com,$2b$12$dummyscalehash,First874,Last874
user875@example.com,$2b$12$dummyscalehash,First875,Last875
user876@example.com,$2b$12$dummyscalehash,First876,Last876
user877@example.com,$2b$12$dummyscalehash,First877,Last877
user878@example.com,$2b$12$dummyscalehash,First878,Last878
user879@example.com,$2b$12$dummyscalehash,First879,Last879
user880@example.com,$2b$12$dummyscalehash,First880,Last880
user881@example.com,$2b$12$dummyscalehash,First881,Last881
user882@example.com,$2b$12$dummyscalehash,First882,Last882
user883@example.com,$2b$12$dummyscalehash,First883,Last883
user884@example.com,$2b$12$dummyscalehash,First884,Last884
user885@example.com,$2b$12$dummyscalehash,First885,Last885
user886@example.com,$2b$12$dummyscalehash,First886,Last886
user887@example.com,$2b$12$dummyscalehash,First887,Last887
user888@example.com,$2b$12$dummyscalehash,First888,Last888
user889@example.com,$2b$12$dummyscalehash,First889,Last889
user890@example.com,$2b$12$dummyscalehash,First890,Last890
user891@example.com,$2b$12$dummyscalehash,First891,Last891
user892@example.com,$2b$12$dummyscalehash,First892,Last892
user893@example.com,$2b$12$dummyscalehash,First893,Last893
user894@example.com,$2b$12$dummyscalehash,First894,Last894
user895@example.com,$2b$12$dummyscalehash,First895,Last895
user896@example.com,$2b$12$dummyscalehash,First896,Last896
user897@example.com,$2b$12$dummyscalehash,First897,Last897
user898@example.com,$2b$12$dummyscalehash,First898,Last898
user899@example.com,$2b$12$dummyscalehash,First899,Last899
user900@example.com,$2b$12$dummyscalehash,First900,Last900
user901@example.com,$2b$12$dummyscalehash,First901,Last901
user902@example.com,$2b$12$dummyscalehash,First902,Last902
user903@example.com,$2b$12$dummyscalehash,First903,Last903
user904@example.com,$2b$12$dummyscalehash,First904,Last904
user905@example.com,$2b$12$dummyscalehash,First905,Last905
user906@example.com,$2b$12$dummyscalehash,First906,Last906
user907@example.com,$2b$12$dummyscalehash,First907,Last907
user908@example.com,$2b$12$dummyscalehash,First908,Last908
user909@example.com,$2b$12$dummyscalehash,First909,Last909
user910@example.com,$2b$12$dummyscalehash,First910,Last910
user911@example.com,$2b$12$dummyscalehash,First911,Last911
user912@example.com,$2b$12$dummyscalehash,First912,Last912
user913@example.com,$2b$12$dummyscalehash,First913,Last913
user914@example.com,$2b$12$dummyscalehash,First914,Last914
user915@example.com,$2b$12$dummyscalehash,First915,Last915
user916@example.com,$2b$12$dummyscalehash,First916,Last916
user917@example.com,$2b$12$dummyscalehash,First917,Last917
user918@example.com,$2b$12$dummyscalehash,First918,Last918
user919@example.com,$2b$12$dummyscalehash,First919,Last919
user920@example.com,$2b$12$dummyscalehash,First920,Last920
user921@example.com,$2b$12$dummyscalehash,First921,Last921
user922@example.com,$2b$12$dummyscalehash,First922,Last922
user923@example.com,$2b$12$dummyscalehash,First923,Last923
user924@example.com,$2b$12$dummyscalehash,First924,Last924
user925@example.com,$2b$12$dummyscalehash,First925,Last925
user926@example.com,$2b$12$dummyscalehash,First926,Last926
user927@example.com,$2b$12$dummyscalehash,First927,Last927
user928@example.com,$2b$12$dummyscalehash,First928,Last928
user929@example.com,$2b$12$dummyscalehash,First929,Last929
user930@example.com,$2b$12$dummyscalehash,First930,Last930
user931@example.com,$2b$12$dummyscalehash,First931,Last931
user932@example.com,$2b$12$dummyscalehash,First932,Last932
user933@example.com,$2b$12$dummyscalehash,First933,Last933
user934@example.com,$2b$12$dummyscalehash,First934,Last934
user935@example.com,$2b$12$dummyscalehash,First935,Last935
user936@example.com,$2b$12$dummyscalehash,First936,Last936
user937@example.com,$2b$12$dummyscalehash,First937,Last937
user938@example.com,$2b$12$dummyscalehash,First938,Last938
user939@example.com,$2b$12$dummyscalehash,First939,Last939
user940@example.com,$2b$12$dummyscalehash,First940,Last940
user941@example.com,$2b$12$dummyscalehash,First941,Last941
user942@example.com,$2b$12$dummyscalehash,First942,Last942
user943@example.com,$2b$12$dummyscalehash,First943,Last943
user944@example.com,$2b$12$dummyscalehash,First944,Last944
user945@example.com,$2b$12$dummyscalehash,First945,Last945
user946@example.com,$2b$12$dummyscalehash,First946,Last946
user947@example.com,$2b$12$dummyscalehash,First947,Last947
user948@example.com,$2b$12$dummyscalehash,First948,Last948
user949@example.com,$2b$12$dummyscalehash,First949,Last949
user950@example.com,$2b$12$dummyscalehash,First950,Last950
user951@example.com,$2b$12$dummyscalehash,First951,Last951
user952@example.com,$2b$12$dummyscalehash,First952,Last952
user953@example.com,$2b$12$dummyscalehash,First953,Last953
user954@example.com,$2b$12$dummyscalehash,First954,Last954
user955@example.com,$2b$12$dummyscalehash,First955,Last955
user956@example.com,$2b$12$dummyscalehash,First956,Last956
user957@example.com,$2b$12$dummyscalehash,First957,Last957
user958@example.com,$2b$12$dummyscalehash,First958,Last958
user959@example.com,$2b$12$dummyscalehash,First959,Last959
user960@example.com,$2b$12$dummyscalehash,First960,Last960
user961@example.com,$2b$12$dummyscalehash,First961,Last961
user962@example.com,$2b$12$dummyscalehash,First962,Last962
user963@example.com,$2b$12$dummyscalehash,First963,Last963
user964@example.com,$2b$12$dummyscalehash,First964,Last964
user965@example.com,$2b$12$dummyscalehash,First965,Last965
user966@example.com,$2b$12$dummyscalehash,First966,Last966
user967@example.com,$2b$12$dummyscalehash,First967,Last967
user968@example.com,$2b$12$dummyscalehash,First968,Last968
user969@example.com,$2b$12$dummyscalehash,First969,Last969
user970@example.com,$2b$12$dummyscalehash,First970,Last970
user971@example.com,$2b$12$dummyscalehash,First971,Last971
user972@example.com,$2b$12$dummyscalehash,First972,Last972
user973@example.com,$2b$12$dummyscalehash,First973,Last973
user974@example.com,$2b$12$dummyscalehash,First974,Last974
user975@example.com,$2b$12$dummyscalehash,First975,Last975
user976@example.com,$2b$12$dummyscalehash,First976,Last976
user977@example.com,$2b$12$dummyscalehash,First977,Last977
user978@example.com,$2b$12$dummyscalehash,First978,Last978
user979@example.com,$2b$12$dummyscalehash,First979,Last979
user980@example.com,$2b$12$dummyscalehash,First980,Last980
user981@example.com,$2b$12$dummyscalehash,First981,Last981
user982@example.com,$2b$12$dummyscalehash,First982,Last982
user983@example.com,$2b$12$dummyscalehash,First983,Last983
user984@example.com,$2b$12$dummyscalehash,First984,Last984
user985@example.com,$2b$12$dummyscalehash,First985,Last985
user986@example.com,$2b$12$dummyscalehash,First986,Last986
user987@example.com,$2b$12$dummyscalehash,First987,Last987
user988@example.com,$2b$12$dummyscalehash,First988,Last988
user989@example.com,$2b$12$dummyscalehash,First989,Last989
user990@example.com,$2b$12$dummyscalehash,First990,Last990
user991@example.com,$2b$12$dummyscalehash,First991,Last991
user992@example.com,$2b$12$dummyscalehash,First992,Last992
user993@example.com,$2b$12$dummyscalehash,First993,Last993
user994@example.com,$2b$12$dummyscalehash,First994,Last994
user995@example.com,$2b$12$dummyscalehash,First995,Last995
user996@example.com,$2b$12$dummyscalehash,First996,Last996
user997@example.com,$2b$12$dummyscalehash,First997,Last997
user998@example.com,$2b$12$dummyscalehash,First998,Last998
user999@example.com,$2b$12$dummyscalehash,First999,Last999
user1000@example.com,$2b$12$dummyscalehash,First1000,Last1000
